SIGNAL_SCORE_THRESHOLD,SPRING_DROP_PCT,SPRING_BOUNCE_PCT,VOLUME_MULTIPLIER,STOP_LOSS_PCT,total_trades,win_rate,profit_factor,max_drawdown,final_capital,total_return_pct,max_loss_streak
55,0.002,0.0015,1.3,0.003,566,0.2845,1.1374,0.3831,20433.34,104.33,27
55,0.002,0.0015,1.3,0.005,566,0.2721,1.0729,0.4128,14630.59,46.31,32
55,0.002,0.0015,1.3,0.007,566,0.3021,1.1497,0.3705,19697.99,96.98,39
55,0.002,0.0015,1.5,0.003,566,0.2845,1.1374,0.3831,20433.34,104.33,27
55,0.002,0.0015,1.5,0.005,566,0.2721,1.0729,0.4128,14630.59,46.31,32
55,0.002,0.0015,1.5,0.007,566,0.3021,1.1497,0.3705,19697.99,96.98,39
55,0.002,0.0015,1.8,0.003,566,0.2845,1.1374,0.3831,20433.34,104.33,27
55,0.002,0.0015,1.8,0.005,566,0.2721,1.0729,0.4128,14630.59,46.31,32
55,0.002,0.0015,1.8,0.007,566,0.3021,1.1497,0.3705,19697.99,96.98,39
55,0.002,0.0015,2.0,0.003,566,0.2845,1.1374,0.3831,20433.34,104.33,27
55,0.002,0.0015,2.0,0.005,566,0.2721,1.0729,0.4128,14630.59,46.31,32
55,0.002,0.0015,2.0,0.007,566,0.3021,1.1497,0.3705,19697.99,96.98,39
55,0.002,0.002,1.3,0.003,512,0.2715,1.0942,0.3175,14709.38,47.09,26
55,0.002,0.002,1.3,0.005,512,0.2773,1.1108,0.3312,16188.73,61.89,30
55,0.002,0.002,1.3,0.007,512,0.2949,1.1278,0.3642,16734.37,67.34,38
55,0.002,0.002,1.5,0.003,512,0.2715,1.0942,0.3175,14709.38,47.09,26
55,0.002,0.002,1.5,0.005,512,0.2773,1.1108,0.3312,16188.73,61.89,30
55,0.002,0.002,1.5,0.007,512,0.2949,1.1278,0.3642,16734.37,67.34,38
55,0.002,0.002,1.8,0.003,512,0.2715,1.0942,0.3175,14709.38,47.09,26
55,0.002,0.002,1.8,0.005,512,0.2773,1.1108,0.3312,16188.73,61.89,30
55,0.002,0.002,1.8,0.007,512,0.2949,1.1278,0.3642,16734.37,67.34,38
55,0.002,0.002,2.0,0.003,512,0.2715,1.0942,0.3175,14709.38,47.09,26
55,0.002,0.002,2.0,0.005,512,0.2773,1.1108,0.3312,16188.73,61.89,30
55,0.002,0.002,2.0,0.007,512,0.2949,1.1278,0.3642,16734.37,67.34,38
55,0.002,0.0025,1.3,0.003,480,0.2771,1.1198,0.3436,15997.64,59.98,26
55,0.002,0.0025,1.3,0.005,480,0.2812,1.131,0.3308,16922.81,69.23,30
55,0.002,0.0025,1.3,0.007,480,0.3042,1.1668,0.3223,18909.45,89.09,33
55,0.002,0.0025,1.5,0.003,480,0.2771,1.1198,0.3436,15997.64,59.98,26
55,0.002,0.0025,1.5,0.005,480,0.2812,1.131,0.3308,16922.81,69.23,30
55,0.002,0.0025,1.5,0.007,480,0.3042,1.1668,0.3223,18909.45,89.09,33
55,0.002,0.0025,1.8,0.003,480,0.2771,1.1198,0.3436,15997.64,59.98,26
55,0.002,0.0025,1.8,0.005,480,0.2812,1.131,0.3308,16922.81,69.23,30
55,0.002,0.0025,1.8,0.007,480,0.3042,1.1668,0.3223,18909.45,89.09,33
55,0.002,0.0025,2.0,0.003,480,0.2771,1.1198,0.3436,15997.64,59.98,26
55,0.002,0.0025,2.0,0.005,480,0.2812,1.131,0.3308,16922.81,69.23,30
55,0.002,0.0025,2.0,0.007,480,0.3042,1.1668,0.3223,18909.45,89.09,33
55,0.002,0.003,1.3,0.003,456,0.2763,1.1204,0.3366,15431.1,54.31,25
55,0.002,0.003,1.3,0.005,456,0.2851,1.1498,0.3237,17669.23,76.69,29
55,0.002,0.003,1.3,0.007,456,0.3026,1.1604,0.3155,17555.46,75.55,29
55,0.002,0.003,1.5,0.003,456,0.2763,1.1204,0.3366,15431.1,54.31,25
55,0.002,0.003,1.5,0.005,456,0.2851,1.1498,0.3237,17669.23,76.69,29
55,0.002,0.003,1.5,0.007,456,0.3026,1.1604,0.3155,17555.46,75.55,29
55,0.002,0.003,1.8,0.003,456,0.2763,1.1204,0.3366,15431.1,54.31,25
55,0.002,0.003,1.8,0.005,456,0.2851,1.1498,0.3237,17669.23,76.69,29
55,0.002,0.003,1.8,0.007,456,0.3026,1.1604,0.3155,17555.46,75.55,29
55,0.002,0.003,2.0,0.003,456,0.2763,1.1204,0.3366,15431.1,54.31,25
55,0.002,0.003,2.0,0.005,456,0.2851,1.1498,0.3237,17669.23,76.69,29
55,0.002,0.003,2.0,0.007,456,0.3026,1.1604,0.3155,17555.46,75.55,29
55,0.003,0.0015,1.3,0.003,359,0.2563,1.023,0.3885,10742.19,7.42,19
55,0.003,0.0015,1.3,0.005,359,0.2451,0.965,0.4744,8931.45,-10.69,21
55,0.003,0.0015,1.3,0.007,359,0.273,1.0036,0.3444,10097.18,0.97,32
55,0.003,0.0015,1.5,0.003,359,0.2563,1.023,0.3885,10742.19,7.42,19
55,0.003,0.0015,1.5,0.005,359,0.2451,0.965,0.4744,8931.45,-10.69,21
55,0.003,0.0015,1.5,0.007,359,0.273,1.0036,0.3444,10097.18,0.97,32
55,0.003,0.0015,1.8,0.003,359,0.2563,1.023,0.3885,10742.19,7.42,19
55,0.003,0.0015,1.8,0.005,359,0.2451,0.965,0.4744,8931.45,-10.69,21
55,0.003,0.0015,1.8,0.007,359,0.273,1.0036,0.3444,10097.18,0.97,32
55,0.003,0.0015,2.0,0.003,359,0.2563,1.023,0.3885,10742.19,7.42,19
55,0.003,0.0015,2.0,0.005,359,0.2451,0.965,0.4744,8931.45,-10.69,21
55,0.003,0.0015,2.0,0.007,359,0.273,1.0036,0.3444,10097.18,0.97,32
55,0.003,0.002,1.3,0.003,319,0.2571,1.029,0.3566,10805.99,8.06,19
55,0.003,0.002,1.3,0.005,319,0.2476,0.9809,0.4567,9462.14,-5.38,19
55,0.003,0.002,1.3,0.007,319,0.2633,0.9682,0.3682,9229.69,-7.7,30
55,0.003,0.002,1.5,0.003,319,0.2571,1.029,0.3566,10805.99,8.06,19
55,0.003,0.002,1.5,0.005,319,0.2476,0.9809,0.4567,9462.14,-5.38,19
55,0.003,0.002,1.5,0.007,319,0.2633,0.9682,0.3682,9229.69,-7.7,30
55,0.003,0.002,1.8,0.003,319,0.2571,1.029,0.3566,10805.99,8.06,19
55,0.003,0.002,1.8,0.005,319,0.2476,0.9809,0.4567,9462.14,-5.38,19
55,0.003,0.002,1.8,0.007,319,0.2633,0.9682,0.3682,9229.69,-7.7,30
55,0.003,0.002,2.0,0.003,319,0.2571,1.029,0.3566,10805.99,8.06,19
55,0.003,0.002,2.0,0.005,319,0.2476,0.9809,0.4567,9462.14,-5.38,19
55,0.003,0.002,2.0,0.007,319,0.2633,0.9682,0.3682,9229.69,-7.7,30
55,0.003,0.0025,1.3,0.003,294,0.2449,0.9736,0.4284,9348.99,-6.51,19
55,0.003,0.0025,1.3,0.005,294,0.2415,0.9547,0.4775,8861.22,-11.39,33
55,0.003,0.0025,1.3,0.007,294,0.2721,1.0053,0.3862,10127.43,1.27,26
55,0.003,0.0025,1.5,0.003,294,0.2449,0.9736,0.4284,9348.99,-6.51,19
55,0.003,0.0025,1.5,0.005,294,0.2415,0.9547,0.4775,8861.22,-11.39,33
55,0.003,0.0025,1.5,0.007,294,0.2721,1.0053,0.3862,10127.43,1.27,26
55,0.003,0.0025,1.8,0.003,294,0.2449,0.9736,0.4284,9348.99,-6.51,19
55,0.003,0.0025,1.8,0.005,294,0.2415,0.9547,0.4775,8861.22,-11.39,33
55,0.003,0.0025,1.8,0.007,294,0.2721,1.0053,0.3862,10127.43,1.27,26
55,0.003,0.0025,2.0,0.003,294,0.2449,0.9736,0.4284,9348.99,-6.51,19
55,0.003,0.0025,2.0,0.005,294,0.2415,0.9547,0.4775,8861.22,-11.39,33
55,0.003,0.0025,2.0,0.007,294,0.2721,1.0053,0.3862,10127.43,1.27,26
55,0.003,0.003,1.3,0.003,280,0.2429,0.9653,0.4338,9184.67,-8.15,18
55,0.003,0.003,1.3,0.005,280,0.25,0.9925,0.4824,9803.9,-1.96,32
55,0.003,0.003,1.3,0.007,280,0.2786,1.0321,0.392,10769.67,7.7,25
55,0.003,0.003,1.5,0.003,280,0.2429,0.9653,0.4338,9184.67,-8.15,18
55,0.003,0.003,1.5,0.005,280,0.25,0.9925,0.4824,9803.9,-1.96,32
55,0.003,0.003,1.5,0.007,280,0.2786,1.0321,0.392,10769.67,7.7,25
55,0.003,0.003,1.8,0.003,280,0.2429,0.9653,0.4338,9184.67,-8.15,18
55,0.003,0.003,1.8,0.005,280,0.25,0.9925,0.4824,9803.9,-1.96,32
55,0.003,0.003,1.8,0.007,280,0.2786,1.0321,0.392,10769.67,7.7,25
55,0.003,0.003,2.0,0.003,280,0.2429,0.9653,0.4338,9184.67,-8.15,18
55,0.003,0.003,2.0,0.005,280,0.25,0.9925,0.4824,9803.9,-1.96,32
55,0.003,0.003,2.0,0.007,280,0.2786,1.0321,0.392,10769.67,7.7,25
55,0.004,0.0015,1.3,0.003,221,0.2398,0.9513,0.2484,9173.96,-8.26,15
55,0.004,0.0015,1.3,0.005,221,0.2489,0.9904,0.3195,9839.29,-1.61,19
55,0.004,0.0015,1.3,0.007,221,0.2851,1.1035,0.2858,11859.77,18.6,28
55,0.004,0.0015,1.5,0.003,221,0.2398,0.9513,0.2484,9173.96,-8.26,15
55,0.004,0.0015,1.5,0.005,221,0.2489,0.9904,0.3195,9839.29,-1.61,19
55,0.004,0.0015,1.5,0.007,221,0.2851,1.1035,0.2858,11859.77,18.6,28
55,0.004,0.0015,1.8,0.003,221,0.2398,0.9513,0.2484,9173.96,-8.26,15
55,0.004,0.0015,1.8,0.005,221,0.2489,0.9904,0.3195,9839.29,-1.61,19
55,0.004,0.0015,1.8,0.007,221,0.2851,1.1035,0.2858,11859.77,18.6,28
55,0.004,0.0015,2.0,0.003,221,0.2398,0.9513,0.2484,9173.96,-8.26,15
55,0.004,0.0015,2.0,0.005,221,0.2489,0.9904,0.3195,9839.29,-1.61,19
55,0.004,0.0015,2.0,0.007,221,0.2851,1.1035,0.2858,11859.77,18.6,28
55,0.004,0.002,1.3,0.003,193,0.2435,0.9714,0.224,9584.27,-4.16,14
55,0.004,0.002,1.3,0.005,193,0.2539,1.0248,0.2915,10374.99,3.75,17
55,0.004,0.002,1.3,0.007,193,0.2746,1.0761,0.2996,11220.9,12.21,26
55,0.004,0.002,1.5,0.003,193,0.2435,0.9714,0.224,9584.27,-4.16,14
55,0.004,0.002,1.5,0.005,193,0.2539,1.0248,0.2915,10374.99,3.75,17
55,0.004,0.002,1.5,0.007,193,0.2746,1.0761,0.2996,11220.9,12.21,26
55,0.004,0.002,1.8,0.003,193,0.2435,0.9714,0.224,9584.27,-4.16,14
55,0.004,0.002,1.8,0.005,193,0.2539,1.0248,0.2915,10374.99,3.75,17
55,0.004,0.002,1.8,0.007,193,0.2746,1.0761,0.2996,11220.9,12.21,26
55,0.004,0.002,2.0,0.003,193,0.2435,0.9714,0.224,9584.27,-4.16,14
55,0.004,0.002,2.0,0.005,193,0.2539,1.0248,0.2915,10374.99,3.75,17
55,0.004,0.002,2.0,0.007,193,0.2746,1.0761,0.2996,11220.9,12.21,26
55,0.004,0.0025,1.3,0.003,174,0.2299,0.9075,0.2907,8791.77,-12.08,21
55,0.004,0.0025,1.3,0.005,174,0.2414,0.964,0.3048,9517.1,-4.83,28
55,0.004,0.0025,1.3,0.007,174,0.2644,1.0208,0.3128,10293.07,2.93,24
55,0.004,0.0025,1.5,0.003,174,0.2299,0.9075,0.2907,8791.77,-12.08,21
55,0.004,0.0025,1.5,0.005,174,0.2414,0.964,0.3048,9517.1,-4.83,28
55,0.004,0.0025,1.5,0.007,174,0.2644,1.0208,0.3128,10293.07,2.93,24
55,0.004,0.0025,1.8,0.003,174,0.2299,0.9075,0.2907,8791.77,-12.08,21
55,0.004,0.0025,1.8,0.005,174,0.2414,0.964,0.3048,9517.1,-4.83,28
55,0.004,0.0025,1.8,0.007,174,0.2644,1.0208,0.3128,10293.07,2.93,24
55,0.004,0.0025,2.0,0.003,174,0.2299,0.9075,0.2907,8791.77,-12.08,21
55,0.004,0.0025,2.0,0.005,174,0.2414,0.964,0.3048,9517.1,-4.83,28
55,0.004,0.0025,2.0,0.007,174,0.2644,1.0208,0.3128,10293.07,2.93,24
55,0.004,0.003,1.3,0.003,167,0.2335,0.9258,0.2827,9066.25,-9.34,20
55,0.004,0.003,1.3,0.005,167,0.2455,0.9856,0.2907,9814.23,-1.86,27
55,0.004,0.003,1.3,0.007,167,0.2635,1.0153,0.2988,10202.21,2.02,23
55,0.004,0.003,1.5,0.003,167,0.2335,0.9258,0.2827,9066.25,-9.34,20
55,0.004,0.003,1.5,0.005,167,0.2455,0.9856,0.2907,9814.23,-1.86,27
55,0.004,0.003,1.5,0.007,167,0.2635,1.0153,0.2988,10202.21,2.02,23
55,0.004,0.003,1.8,0.003,167,0.2335,0.9258,0.2827,9066.25,-9.34,20
55,0.004,0.003,1.8,0.005,167,0.2455,0.9856,0.2907,9814.23,-1.86,27
55,0.004,0.003,1.8,0.007,167,0.2635,1.0153,0.2988,10202.21,2.02,23
55,0.004,0.003,2.0,0.003,167,0.2335,0.9258,0.2827,9066.25,-9.34,20
55,0.004,0.003,2.0,0.005,167,0.2455,0.9856,0.2907,9814.23,-1.86,27
55,0.004,0.003,2.0,0.007,167,0.2635,1.0153,0.2988,10202.21,2.02,23
55,0.005,0.0015,1.3,0.003,134,0.2761,1.1342,0.1675,11370.25,13.7,16
55,0.005,0.0015,1.3,0.005,134,0.2687,1.0891,0.1998,10912.79,9.13,20
55,0.005,0.0015,1.3,0.007,134,0.2761,1.0945,0.1993,10987.81,9.88,16
55,0.005,0.0015,1.5,0.003,134,0.2761,1.1342,0.1675,11370.25,13.7,16
55,0.005,0.0015,1.5,0.005,134,0.2687,1.0891,0.1998,10912.79,9.13,20
55,0.005,0.0015,1.5,0.007,134,0.2761,1.0945,0.1993,10987.81,9.88,16
55,0.005,0.0015,1.8,0.003,134,0.2761,1.1342,0.1675,11370.25,13.7,16
55,0.005,0.0015,1.8,0.005,134,0.2687,1.0891,0.1998,10912.79,9.13,20
55,0.005,0.0015,1.8,0.007,134,0.2761,1.0945,0.1993,10987.81,9.88,16
55,0.005,0.0015,2.0,0.003,134,0.2761,1.1342,0.1675,11370.25,13.7,16
55,0.005,0.0015,2.0,0.005,134,0.2687,1.0891,0.1998,10912.79,9.13,20
55,0.005,0.0015,2.0,0.007,134,0.2761,1.0945,0.1993,10987.81,9.88,16
55,0.005,0.002,1.3,0.003,116,0.2586,1.0374,0.1748,10325.76,3.26,17
55,0.005,0.002,1.3,0.005,116,0.2759,1.143,0.1748,11264.6,12.65,17
55,0.005,0.002,1.3,0.007,116,0.2759,1.0848,0.1748,10752.98,7.53,13
55,0.005,0.002,1.5,0.003,116,0.2586,1.0374,0.1748,10325.76,3.26,17
55,0.005,0.002,1.5,0.005,116,0.2759,1.143,0.1748,11264.6,12.65,17
55,0.005,0.002,1.5,0.007,116,0.2759,1.0848,0.1748,10752.98,7.53,13
55,0.005,0.002,1.8,0.003,116,0.2586,1.0374,0.1748,10325.76,3.26,17
55,0.005,0.002,1.8,0.005,116,0.2759,1.143,0.1748,11264.6,12.65,17
55,0.005,0.002,1.8,0.007,116,0.2759,1.0848,0.1748,10752.98,7.53,13
55,0.005,0.002,2.0,0.003,116,0.2586,1.0374,0.1748,10325.76,3.26,17
55,0.005,0.002,2.0,0.005,116,0.2759,1.143,0.1748,11264.6,12.65,17
55,0.005,0.002,2.0,0.007,116,0.2759,1.0848,0.1748,10752.98,7.53,13
55,0.005,0.0025,1.3,0.003,101,0.2475,0.9536,0.2003,9646.07,-3.54,22
55,0.005,0.0025,1.3,0.005,101,0.2574,1.0483,0.1826,10369.05,3.69,16
55,0.005,0.0025,1.3,0.007,101,0.2475,0.934,0.1826,9502.71,-4.97,16
55,0.005,0.0025,1.5,0.003,101,0.2475,0.9536,0.2003,9646.07,-3.54,22
55,0.005,0.0025,1.5,0.005,101,0.2574,1.0483,0.1826,10369.05,3.69,16
55,0.005,0.0025,1.5,0.007,101,0.2475,0.934,0.1826,9502.71,-4.97,16
55,0.005,0.0025,1.8,0.003,101,0.2475,0.9536,0.2003,9646.07,-3.54,22
55,0.005,0.0025,1.8,0.005,101,0.2574,1.0483,0.1826,10369.05,3.69,16
55,0.005,0.0025,1.8,0.007,101,0.2475,0.934,0.1826,9502.71,-4.97,16
55,0.005,0.0025,2.0,0.003,101,0.2475,0.9536,0.2003,9646.07,-3.54,22
55,0.005,0.0025,2.0,0.005,101,0.2574,1.0483,0.1826,10369.05,3.69,16
55,0.005,0.0025,2.0,0.007,101,0.2475,0.934,0.1826,9502.71,-4.97,16
55,0.005,0.003,1.3,0.003,90,0.2778,1.1111,0.1655,10773.66,7.74,18
55,0.005,0.003,1.3,0.005,90,0.2889,1.2276,0.149,11581.16,15.81,13
55,0.005,0.003,1.3,0.007,90,0.2667,1.0298,0.149,10201.37,2.01,13
55,0.005,0.003,1.5,0.003,90,0.2778,1.1111,0.1655,10773.66,7.74,18
55,0.005,0.003,1.5,0.005,90,0.2889,1.2276,0.149,11581.16,15.81,13
55,0.005,0.003,1.5,0.007,90,0.2667,1.0298,0.149,10201.37,2.01,13
55,0.005,0.003,1.8,0.003,90,0.2778,1.1111,0.1655,10773.66,7.74,18
55,0.005,0.003,1.8,0.005,90,0.2889,1.2276,0.149,11581.16,15.81,13
55,0.005,0.003,1.8,0.007,90,0.2667,1.0298,0.149,10201.37,2.01,13
55,0.005,0.003,2.0,0.003,90,0.2778,1.1111,0.1655,10773.66,7.74,18
55,0.005,0.003,2.0,0.005,90,0.2889,1.2276,0.149,11581.16,15.81,13
55,0.005,0.003,2.0,0.007,90,0.2667,1.0298,0.149,10201.37,2.01,13
60,0.002,0.0015,1.3,0.003,506,0.2787,1.1219,0.3563,16911.7,69.12,25
60,0.002,0.0015,1.3,0.005,506,0.2589,1.0179,0.4512,10854.82,8.55,35
60,0.002,0.0015,1.3,0.007,506,0.3024,1.1479,0.3447,17908.51,79.09,37
60,0.002,0.0015,1.5,0.003,506,0.2787,1.1219,0.3563,16911.7,69.12,25
60,0.002,0.0015,1.5,0.005,506,0.2589,1.0179,0.4512,10854.82,8.55,35
60,0.002,0.0015,1.5,0.007,506,0.3024,1.1479,0.3447,17908.51,79.09,37
60,0.002,0.0015,1.8,0.003,506,0.2787,1.1219,0.3563,16911.7,69.12,25
60,0.002,0.0015,1.8,0.005,506,0.2589,1.0179,0.4512,10854.82,8.55,35
60,0.002,0.0015,1.8,0.007,506,0.3024,1.1479,0.3447,17908.51,79.09,37
60,0.002,0.0015,2.0,0.003,506,0.2787,1.1219,0.3563,16911.7,69.12,25
60,0.002,0.0015,2.0,0.005,506,0.2589,1.0179,0.4512,10854.82,8.55,35
60,0.002,0.0015,2.0,0.007,506,0.3024,1.1479,0.3447,17908.51,79.09,37
60,0.002,0.002,1.3,0.003,452,0.2699,1.0897,0.2882,13710.34,37.1,24
60,0.002,0.002,1.3,0.005,452,0.2655,1.0607,0.3805,12617.96,26.18,36
60,0.002,0.002,1.3,0.007,452,0.2942,1.1227,0.3381,15417.43,54.17,36
60,0.002,0.002,1.5,0.003,452,0.2699,1.0897,0.2882,13710.34,37.1,24
60,0.002,0.002,1.5,0.005,452,0.2655,1.0607,0.3805,12617.96,26.18,36
60,0.002,0.002,1.5,0.007,452,0.2942,1.1227,0.3381,15417.43,54.17,36
60,0.002,0.002,1.8,0.003,452,0.2699,1.0897,0.2882,13710.34,37.1,24
60,0.002,0.002,1.8,0.005,452,0.2655,1.0607,0.3805,12617.96,26.18,36
60,0.002,0.002,1.8,0.007,452,0.2942,1.1227,0.3381,15417.43,54.17,36
60,0.002,0.002,2.0,0.003,452,0.2699,1.0897,0.2882,13710.34,37.1,24
60,0.002,0.002,2.0,0.005,452,0.2655,1.0607,0.3805,12617.96,26.18,36
60,0.002,0.002,2.0,0.007,452,0.2942,1.1227,0.3381,15417.43,54.17,36
60,0.002,0.0025,1.3,0.003,418,0.2775,1.1241,0.3154,15213.85,52.14,24
60,0.002,0.0025,1.3,0.005,418,0.2679,1.0721,0.3802,12935.3,29.35,31
60,0.002,0.0025,1.3,0.007,418,0.2967,1.1288,0.335,15170.61,51.71,30
60,0.002,0.0025,1.5,0.003,418,0.2775,1.1241,0.3154,15213.85,52.14,24
60,0.002,0.0025,1.5,0.005,418,0.2679,1.0721,0.3802,12935.3,29.35,31
60,0.002,0.0025,1.5,0.007,418,0.2967,1.1288,0.335,15170.61,51.71,30
60,0.002,0.0025,1.8,0.003,418,0.2775,1.1241,0.3154,15213.85,52.14,24
60,0.002,0.0025,1.8,0.005,418,0.2679,1.0721,0.3802,12935.3,29.35,31
60,0.002,0.0025,1.8,0.007,418,0.2967,1.1288,0.335,15170.61,51.71,30
60,0.002,0.0025,2.0,0.003,418,0.2775,1.1241,0.3154,15213.85,52.14,24
60,0.002,0.0025,2.0,0.005,418,0.2679,1.0721,0.3802,12935.3,29.35,31
60,0.002,0.0025,2.0,0.007,418,0.2967,1.1288,0.335,15170.61,51.71,30
60,0.002,0.003,1.3,0.003,398,0.2789,1.1307,0.3219,15258.97,52.59,23
60,0.002,0.003,1.3,0.005,398,0.2714,1.09,0.386,13497.84,34.98,30
60,0.002,0.003,1.3,0.007,398,0.294,1.1131,0.3283,14125.14,41.25,28
60,0.002,0.003,1.5,0.003,398,0.2789,1.1307,0.3219,15258.97,52.59,23
60,0.002,0.003,1.5,0.005,398,0.2714,1.09,0.386,13497.84,34.98,30
60,0.002,0.003,1.5,0.007,398,0.294,1.1131,0.3283,14125.14,41.25,28
60,0.002,0.003,1.8,0.003,398,0.2789,1.1307,0.3219,15258.97,52.59,23
60,0.002,0.003,1.8,0.005,398,0.2714,1.09,0.386,13497.84,34.98,30
60,0.002,0.003,1.8,0.007,398,0.294,1.1131,0.3283,14125.14,41.25,28
60,0.002,0.003,2.0,0.003,398,0.2789,1.1307,0.3219,15258.97,52.59,23
60,0.002,0.003,2.0,0.005,398,0.2714,1.09,0.386,13497.84,34.98,30
60,0.002,0.003,2.0,0.007,398,0.294,1.1131,0.3283,14125.14,41.25,28
60,0.003,0.0015,1.3,0.003,330,0.2636,1.0602,0.3761,11794.02,17.94,19
60,0.003,0.0015,1.3,0.005,330,0.2455,0.9629,0.4637,8971.67,-10.28,21
60,0.003,0.0015,1.3,0.007,330,0.2758,1.0058,0.3311,10141.65,1.42,30
60,0.003,0.0015,1.5,0.003,330,0.2636,1.0602,0.3761,11794.02,17.94,19
60,0.003,0.0015,1.5,0.005,330,0.2455,0.9629,0.4637,8971.67,-10.28,21
60,0.003,0.0015,1.5,0.007,330,0.2758,1.0058,0.3311,10141.65,1.42,30
60,0.003,0.0015,1.8,0.003,330,0.2636,1.0602,0.3761,11794.02,17.94,19
60,0.003,0.0015,1.8,0.005,330,0.2455,0.9629,0.4637,8971.67,-10.28,21
60,0.003,0.0015,1.8,0.007,330,0.2758,1.0058,0.3311,10141.65,1.42,30
60,0.003,0.0015,2.0,0.003,330,0.2636,1.0602,0.3761,11794.02,17.94,19
60,0.003,0.0015,2.0,0.005,330,0.2455,0.9629,0.4637,8971.67,-10.28,21
60,0.003,0.0015,2.0,0.007,330,0.2758,1.0058,0.3311,10141.65,1.42,30
60,0.003,0.002,1.3,0.003,298,0.2651,1.0691,0.3369,11850.03,18.5,18
60,0.003,0.002,1.3,0.005,298,0.2483,0.9843,0.4401,9586.06,-4.14,19
60,0.003,0.002,1.3,0.007,298,0.2651,0.9688,0.3489,9297.31,-7.03,29
60,0.003,0.002,1.5,0.003,298,0.2651,1.0691,0.3369,11850.03,18.5,18
60,0.003,0.002,1.5,0.005,298,0.2483,0.9843,0.4401,9586.06,-4.14,19
60,0.003,0.002,1.5,0.007,298,0.2651,0.9688,0.3489,9297.31,-7.03,29
60,0.003,0.002,1.8,0.003,298,0.2651,1.0691,0.3369,11850.03,18.5,18
60,0.003,0.002,1.8,0.005,298,0.2483,0.9843,0.4401,9586.06,-4.14,19
60,0.003,0.002,1.8,0.007,298,0.2651,0.9688,0.3489,9297.31,-7.03,29
60,0.003,0.002,2.0,0.003,298,0.2651,1.0691,0.3369,11850.03,18.5,18
60,0.003,0.002,2.0,0.005,298,0.2483,0.9843,0.4401,9586.06,-4.14,19
60,0.003,0.002,2.0,0.007,298,0.2651,0.9688,0.3489,9297.31,-7.03,29
60,0.003,0.0025,1.3,0.003,270,0.2556,1.0234,0.4109,10566.08,5.66,18
60,0.003,0.0025,1.3,0.005,270,0.2407,0.9522,0.4561,8892.76,-11.07,32
60,0.003,0.0025,1.3,0.007,270,0.2704,0.9864,0.3611,9713.14,-2.87,25
60,0.003,0.0025,1.5,0.003,270,0.2556,1.0234,0.4109,10566.08,5.66,18
60,0.003,0.0025,1.5,0.005,270,0.2407,0.9522,0.4561,8892.76,-11.07,32
60,0.003,0.0025,1.5,0.007,270,0.2704,0.9864,0.3611,9713.14,-2.87,25
60,0.003,0.0025,1.8,0.003,270,0.2556,1.0234,0.4109,10566.08,5.66,18
60,0.003,0.0025,1.8,0.005,270,0.2407,0.9522,0.4561,8892.76,-11.07,32
60,0.003,0.0025,1.8,0.007,270,0.2704,0.9864,0.3611,9713.14,-2.87,25
60,0.003,0.0025,2.0,0.003,270,0.2556,1.0234,0.4109,10566.08,5.66,18
60,0.003,0.0025,2.0,0.005,270,0.2407,0.9522,0.4561,8892.76,-11.07,32
60,0.003,0.0025,2.0,0.007,270,0.2704,0.9864,0.3611,9713.14,-2.87,25
60,0.003,0.003,1.3,0.003,255,0.251,1.0035,0.4223,10078.03,0.78,18
60,0.003,0.003,1.3,0.005,255,0.2392,0.947,0.4666,8824.71,-11.75,31
60,0.003,0.003,1.3,0.007,255,0.2706,0.9822,0.3734,9638.82,-3.61,24
60,0.003,0.003,1.5,0.003,255,0.251,1.0035,0.4223,10078.03,0.78,18
60,0.003,0.003,1.5,0.005,255,0.2392,0.947,0.4666,8824.71,-11.75,31
60,0.003,0.003,1.5,0.007,255,0.2706,0.9822,0.3734,9638.82,-3.61,24
60,0.003,0.003,1.8,0.003,255,0.251,1.0035,0.4223,10078.03,0.78,18
60,0.003,0.003,1.8,0.005,255,0.2392,0.947,0.4666,8824.71,-11.75,31
60,0.003,0.003,1.8,0.007,255,0.2706,0.9822,0.3734,9638.82,-3.61,24
60,0.003,0.003,2.0,0.003,255,0.251,1.0035,0.4223,10078.03,0.78,18
60,0.003,0.003,2.0,0.005,255,0.2392,0.947,0.4666,8824.71,-11.75,31
60,0.003,0.003,2.0,0.007,255,0.2706,0.9822,0.3734,9638.82,-3.61,24
60,0.004,0.0015,1.3,0.003,203,0.2562,1.035,0.2471,10566.26,5.66,14
60,0.004,0.0015,1.3,0.005,203,0.2562,1.0238,0.3126,10368.37,3.68,27
60,0.004,0.0015,1.3,0.007,203,0.2956,1.1496,0.2786,12496.25,24.96,27
60,0.004,0.0015,1.5,0.003,203,0.2562,1.035,0.2471,10566.26,5.66,14
60,0.004,0.0015,1.5,0.005,203,0.2562,1.0238,0.3126,10368.37,3.68,27
60,0.004,0.0015,1.5,0.007,203,0.2956,1.1496,0.2786,12496.25,24.96,27
60,0.004,0.0015,1.8,0.003,203,0.2562,1.035,0.2471,10566.26,5.66,14
60,0.004,0.0015,1.8,0.005,203,0.2562,1.0238,0.3126,10368.37,3.68,27
60,0.004,0.0015,1.8,0.007,203,0.2956,1.1496,0.2786,12496.25,24.96,27
60,0.004,0.0015,2.0,0.003,203,0.2562,1.035,0.2471,10566.26,5.66,14
60,0.004,0.0015,2.0,0.005,203,0.2562,1.0238,0.3126,10368.37,3.68,27
60,0.004,0.0015,2.0,0.007,203,0.2956,1.1496,0.2786,12496.25,24.96,27
60,0.004,0.002,1.3,0.003,181,0.2597,1.057,0.224,10812.77,8.13,13
60,0.004,0.002,1.3,0.005,181,0.2541,1.0281,0.2772,10393.44,3.93,25
60,0.004,0.002,1.3,0.007,181,0.2762,1.079,0.2854,11176.83,11.77,25
60,0.004,0.002,1.5,0.003,181,0.2597,1.057,0.224,10812.77,8.13,13
60,0.004,0.002,1.5,0.005,181,0.2541,1.0281,0.2772,10393.44,3.93,25
60,0.004,0.002,1.5,0.007,181,0.2762,1.079,0.2854,11176.83,11.77,25
60,0.004,0.002,1.8,0.003,181,0.2597,1.057,0.224,10812.77,8.13,13
60,0.004,0.002,1.8,0.005,181,0.2541,1.0281,0.2772,10393.44,3.93,25
60,0.004,0.002,1.8,0.007,181,0.2762,1.079,0.2854,11176.83,11.77,25
60,0.004,0.002,2.0,0.003,181,0.2597,1.057,0.224,10812.77,8.13,13
60,0.004,0.002,2.0,0.005,181,0.2541,1.0281,0.2772,10393.44,3.93,25
60,0.004,0.002,2.0,0.007,181,0.2762,1.079,0.2854,11176.83,11.77,25
60,0.004,0.0025,1.3,0.003,164,0.25,1.0087,0.2899,10114.08,1.14,20
60,0.004,0.0025,1.3,0.005,164,0.2378,0.9472,0.2907,9344.3,-6.56,27
60,0.004,0.0025,1.3,0.007,164,0.2561,0.9732,0.2988,9658.38,-3.42,24
60,0.004,0.0025,1.5,0.003,164,0.25,1.0087,0.2899,10114.08,1.14,20
60,0.004,0.0025,1.5,0.005,164,0.2378,0.9472,0.2907,9344.3,-6.56,27
60,0.004,0.0025,1.5,0.007,164,0.2561,0.9732,0.2988,9658.38,-3.42,24
60,0.004,0.0025,1.8,0.003,164,0.25,1.0087,0.2899,10114.08,1.14,20
60,0.004,0.0025,1.8,0.005,164,0.2378,0.9472,0.2907,9344.3,-6.56,27
60,0.004,0.0025,1.8,0.007,164,0.2561,0.9732,0.2988,9658.38,-3.42,24
60,0.004,0.0025,2.0,0.003,164,0.25,1.0087,0.2899,10114.08,1.14,20
60,0.004,0.0025,2.0,0.005,164,0.2378,0.9472,0.2907,9344.3,-6.56,27
60,0.004,0.0025,2.0,0.007,164,0.2561,0.9732,0.2988,9658.38,-3.42,24
60,0.004,0.003,1.3,0.003,158,0.2532,1.0257,0.2827,10325.55,3.26,19
60,0.004,0.003,1.3,0.005,158,0.2405,0.9617,0.2835,9539.67,-4.6,26
60,0.004,0.003,1.3,0.007,158,0.2532,0.9565,0.2917,9477.39,-5.23,23
60,0.004,0.003,1.5,0.003,158,0.2532,1.0257,0.2827,10325.55,3.26,19
60,0.004,0.003,1.5,0.005,158,0.2405,0.9617,0.2835,9539.67,-4.6,26
60,0.004,0.003,1.5,0.007,158,0.2532,0.9565,0.2917,9477.39,-5.23,23
60,0.004,0.003,1.8,0.003,158,0.2532,1.0257,0.2827,10325.55,3.26,19
60,0.004,0.003,1.8,0.005,158,0.2405,0.9617,0.2835,9539.67,-4.6,26
60,0.004,0.003,1.8,0.007,158,0.2532,0.9565,0.2917,9477.39,-5.23,23
60,0.004,0.003,2.0,0.003,158,0.2532,1.0257,0.2827,10325.55,3.26,19
60,0.004,0.003,2.0,0.005,158,0.2405,0.9617,0.2835,9539.67,-4.6,26
60,0.004,0.003,2.0,0.007,158,0.2532,0.9565,0.2917,9477.39,-5.23,23
60,0.005,0.0015,1.3,0.003,122,0.2869,1.2004,0.1591,11850.69,18.51,15
60,0.005,0.0015,1.3,0.005,122,0.2705,1.0906,0.2231,10826.64,8.27,20
60,0.005,0.0015,1.3,0.007,122,0.2787,1.0975,0.2226,10899.99,9.0,25
60,0.005,0.0015,1.5,0.003,122,0.2869,1.2004,0.1591,11850.69,18.51,15
60,0.005,0.0015,1.5,0.005,122,0.2705,1.0906,0.2231,10826.64,8.27,20
60,0.005,0.0015,1.5,0.007,122,0.2787,1.0975,0.2226,10899.99,9.0,25
60,0.005,0.0015,1.8,0.003,122,0.2869,1.2004,0.1591,11850.69,18.51,15
60,0.005,0.0015,1.8,0.005,122,0.2705,1.0906,0.2231,10826.64,8.27,20
60,0.005,0.0015,1.8,0.007,122,0.2787,1.0975,0.2226,10899.99,9.0,25
60,0.005,0.0015,2.0,0.003,122,0.2869,1.2004,0.1591,11850.69,18.51,15
60,0.005,0.0015,2.0,0.005,122,0.2705,1.0906,0.2231,10826.64,8.27,20
60,0.005,0.0015,2.0,0.007,122,0.2787,1.0975,0.2226,10899.99,9.0,25
60,0.005,0.002,1.3,0.003,111,0.2703,1.103,0.1748,10857.91,8.58,17
60,0.005,0.002,1.3,0.005,111,0.2793,1.1676,0.2069,11385.12,13.85,18
60,0.005,0.002,1.3,0.007,111,0.2793,1.1047,0.2069,10868.03,8.68,23
60,0.005,0.002,1.5,0.003,111,0.2703,1.103,0.1748,10857.91,8.58,17
60,0.005,0.002,1.5,0.005,111,0.2793,1.1676,0.2069,11385.12,13.85,18
60,0.005,0.002,1.5,0.007,111,0.2793,1.1047,0.2069,10868.03,8.68,23
60,0.005,0.002,1.8,0.003,111,0.2703,1.103,0.1748,10857.91,8.58,17
60,0.005,0.002,1.8,0.005,111,0.2793,1.1676,0.2069,11385.12,13.85,18
60,0.005,0.002,1.8,0.007,111,0.2793,1.1047,0.2069,10868.03,8.68,23
60,0.005,0.002,2.0,0.003,111,0.2703,1.103,0.1748,10857.91,8.58,17
60,0.005,0.002,2.0,0.005,111,0.2793,1.1676,0.2069,11385.12,13.85,18
60,0.005,0.002,2.0,0.007,111,0.2793,1.1047,0.2069,10868.03,8.68,23
60,0.005,0.0025,1.3,0.003,99,0.2525,0.9789,0.1922,9841.92,-1.58,21
60,0.005,0.0025,1.3,0.005,99,0.2525,1.023,0.2143,10168.73,1.69,24
60,0.005,0.0025,1.3,0.007,99,0.2424,0.9059,0.2143,9319.12,-6.81,24
60,0.005,0.0025,1.5,0.003,99,0.2525,0.9789,0.1922,9841.92,-1.58,21
60,0.005,0.0025,1.5,0.005,99,0.2525,1.023,0.2143,10168.73,1.69,24
60,0.005,0.0025,1.5,0.007,99,0.2424,0.9059,0.2143,9319.12,-6.81,24
60,0.005,0.0025,1.8,0.003,99,0.2525,0.9789,0.1922,9841.92,-1.58,21
60,0.005,0.0025,1.8,0.005,99,0.2525,1.023,0.2143,10168.73,1.69,24
60,0.005,0.0025,1.8,0.007,99,0.2424,0.9059,0.2143,9319.12,-6.81,24
60,0.005,0.0025,2.0,0.003,99,0.2525,0.9789,0.1922,9841.92,-1.58,21
60,0.005,0.0025,2.0,0.005,99,0.2525,1.023,0.2143,10168.73,1.69,24
60,0.005,0.0025,2.0,0.007,99,0.2424,0.9059,0.2143,9319.12,-6.81,24
60,0.005,0.003,1.3,0.003,89,0.2809,1.1281,0.1655,10882.48,8.82,18
60,0.005,0.003,1.3,0.005,89,0.2809,1.1844,0.1821,11243.84,12.44,20
60,0.005,0.003,1.3,0.007,89,0.2584,0.9854,0.1821,9904.24,-0.96,20
60,0.005,0.003,1.5,0.003,89,0.2809,1.1281,0.1655,10882.48,8.82,18
60,0.005,0.003,1.5,0.005,89,0.2809,1.1844,0.1821,11243.84,12.44,20
60,0.005,0.003,1.5,0.007,89,0.2584,0.9854,0.1821,9904.24,-0.96,20
60,0.005,0.003,1.8,0.003,89,0.2809,1.1281,0.1655,10882.48,8.82,18
60,0.005,0.003,1.8,0.005,89,0.2809,1.1844,0.1821,11243.84,12.44,20
60,0.005,0.003,1.8,0.007,89,0.2584,0.9854,0.1821,9904.24,-0.96,20
60,0.005,0.003,2.0,0.003,89,0.2809,1.1281,0.1655,10882.48,8.82,18
60,0.005,0.003,2.0,0.005,89,0.2809,1.1844,0.1821,11243.84,12.44,20
60,0.005,0.003,2.0,0.007,89,0.2584,0.9854,0.1821,9904.24,-0.96,20
65,0.002,0.0015,1.3,0.003,430,0.2698,1.081,0.3903,13485.33,34.85,20
65,0.002,0.0015,1.3,0.005,430,0.2651,1.0495,0.3605,11866.53,18.67,33
65,0.002,0.0015,1.3,0.007,430,0.2884,1.1047,0.3314,13756.05,37.56,35
65,0.002,0.0015,1.5,0.003,430,0.2698,1.081,0.3903,13485.33,34.85,20
65,0.002,0.0015,1.5,0.005,430,0.2651,1.0495,0.3605,11866.53,18.67,33
65,0.002,0.0015,1.5,0.007,430,0.2884,1.1047,0.3314,13756.05,37.56,35
65,0.002,0.0015,1.8,0.003,430,0.2698,1.081,0.3903,13485.33,34.85,20
65,0.002,0.0015,1.8,0.005,430,0.2651,1.0495,0.3605,11866.53,18.67,33
65,0.002,0.0015,1.8,0.007,430,0.2884,1.1047,0.3314,13756.05,37.56,35
65,0.002,0.0015,2.0,0.003,430,0.2698,1.081,0.3903,13485.33,34.85,20
65,0.002,0.0015,2.0,0.005,430,0.2651,1.0495,0.3605,11866.53,18.67,33
65,0.002,0.0015,2.0,0.007,430,0.2884,1.1047,0.3314,13756.05,37.56,35
65,0.002,0.002,1.3,0.003,356,0.2697,1.0898,0.304,12847.44,28.47,16
65,0.002,0.002,1.3,0.005,356,0.2725,1.095,0.3178,12925.86,29.26,34
65,0.002,0.002,1.3,0.007,356,0.2809,1.0708,0.3178,12006.41,20.06,34
65,0.002,0.002,1.5,0.003,356,0.2697,1.0898,0.304,12847.44,28.47,16
65,0.002,0.002,1.5,0.005,356,0.2725,1.095,0.3178,12925.86,29.26,34
65,0.002,0.002,1.5,0.007,356,0.2809,1.0708,0.3178,12006.41,20.06,34
65,0.002,0.002,1.8,0.003,356,0.2697,1.0898,0.304,12847.44,28.47,16
65,0.002,0.002,1.8,0.005,356,0.2725,1.095,0.3178,12925.86,29.26,34
65,0.002,0.002,1.8,0.007,356,0.2809,1.0708,0.3178,12006.41,20.06,34
65,0.002,0.002,2.0,0.003,356,0.2697,1.0898,0.304,12847.44,28.47,16
65,0.002,0.002,2.0,0.005,356,0.2725,1.095,0.3178,12925.86,29.26,34
65,0.002,0.002,2.0,0.007,356,0.2809,1.0708,0.3178,12006.41,20.06,34
65,0.002,0.0025,1.3,0.003,305,0.2754,1.1115,0.3366,13060.61,30.61,20
65,0.002,0.0025,1.3,0.005,305,0.2656,1.062,0.2961,11512.92,15.13,28
65,0.002,0.0025,1.3,0.007,305,0.2754,1.0267,0.2754,10582.79,5.83,28
65,0.002,0.0025,1.5,0.003,305,0.2754,1.1115,0.3366,13060.61,30.61,20
65,0.002,0.0025,1.5,0.005,305,0.2656,1.062,0.2961,11512.92,15.13,28
65,0.002,0.0025,1.5,0.007,305,0.2754,1.0267,0.2754,10582.79,5.83,28
65,0.002,0.0025,1.8,0.003,305,0.2754,1.1115,0.3366,13060.61,30.61,20
65,0.002,0.0025,1.8,0.005,305,0.2656,1.062,0.2961,11512.92,15.13,28
65,0.002,0.0025,1.8,0.007,305,0.2754,1.0267,0.2754,10582.79,5.83,28
65,0.002,0.0025,2.0,0.003,305,0.2754,1.1115,0.3366,13060.61,30.61,20
65,0.002,0.0025,2.0,0.005,305,0.2656,1.062,0.2961,11512.92,15.13,28
65,0.002,0.0025,2.0,0.007,305,0.2754,1.0267,0.2754,10582.79,5.83,28
65,0.002,0.003,1.3,0.003,280,0.2857,1.1626,0.3093,14330.97,43.31,19
65,0.002,0.003,1.3,0.005,280,0.2679,1.0731,0.2957,11670.6,16.71,25
65,0.002,0.003,1.3,0.007,280,0.2714,1.0051,0.2587,10102.68,1.03,25
65,0.002,0.003,1.5,0.003,280,0.2857,1.1626,0.3093,14330.97,43.31,19
65,0.002,0.003,1.5,0.005,280,0.2679,1.0731,0.2957,11670.6,16.71,25
65,0.002,0.003,1.5,0.007,280,0.2714,1.0051,0.2587,10102.68,1.03,25
65,0.002,0.003,1.8,0.003,280,0.2857,1.1626,0.3093,14330.97,43.31,19
65,0.002,0.003,1.8,0.005,280,0.2679,1.0731,0.2957,11670.6,16.71,25
65,0.002,0.003,1.8,0.007,280,0.2714,1.0051,0.2587,10102.68,1.03,25
65,0.002,0.003,2.0,0.003,280,0.2857,1.1626,0.3093,14330.97,43.31,19
65,0.002,0.003,2.0,0.005,280,0.2679,1.0731,0.2957,11670.6,16.71,25
65,0.002,0.003,2.0,0.007,280,0.2714,1.0051,0.2587,10102.68,1.03,25
65,0.003,0.0015,1.3,0.003,280,0.2679,1.0959,0.3735,12688.49,26.88,16
65,0.003,0.0015,1.3,0.005,280,0.2536,1.006,0.406,10144.09,1.44,19
65,0.003,0.0015,1.3,0.007,280,0.2893,1.1345,0.2612,13050.93,30.51,30
65,0.003,0.0015,1.5,0.003,280,0.2679,1.0959,0.3735,12688.49,26.88,16
65,0.003,0.0015,1.5,0.005,280,0.2536,1.006,0.406,10144.09,1.44,19
65,0.003,0.0015,1.5,0.007,280,0.2893,1.1345,0.2612,13050.93,30.51,30
65,0.003,0.0015,1.8,0.003,280,0.2679,1.0959,0.3735,12688.49,26.88,16
65,0.003,0.0015,1.8,0.005,280,0.2536,1.006,0.406,10144.09,1.44,19
65,0.003,0.0015,1.8,0.007,280,0.2893,1.1345,0.2612,13050.93,30.51,30
65,0.003,0.0015,2.0,0.003,280,0.2679,1.0959,0.3735,12688.49,26.88,16
65,0.003,0.0015,2.0,0.005,280,0.2536,1.006,0.406,10144.09,1.44,19
65,0.003,0.0015,2.0,0.007,280,0.2893,1.1345,0.2612,13050.93,30.51,30
65,0.003,0.002,1.3,0.003,233,0.2575,1.057,0.3467,11233.76,12.34,18
65,0.003,0.002,1.3,0.005,233,0.2575,1.0231,0.3467,10455.12,4.55,19
65,0.003,0.002,1.3,0.007,233,0.2833,1.0906,0.2453,11703.84,17.04,28
65,0.003,0.002,1.5,0.003,233,0.2575,1.057,0.3467,11233.76,12.34,18
65,0.003,0.002,1.5,0.005,233,0.2575,1.0231,0.3467,10455.12,4.55,19
65,0.003,0.002,1.5,0.007,233,0.2833,1.0906,0.2453,11703.84,17.04,28
65,0.003,0.002,1.8,0.003,233,0.2575,1.057,0.3467,11233.76,12.34,18
65,0.003,0.002,1.8,0.005,233,0.2575,1.0231,0.3467,10455.12,4.55,19
65,0.003,0.002,1.8,0.007,233,0.2833,1.0906,0.2453,11703.84,17.04,28
65,0.003,0.002,2.0,0.003,233,0.2575,1.057,0.3467,11233.76,12.34,18
65,0.003,0.002,2.0,0.005,233,0.2575,1.0231,0.3467,10455.12,4.55,19
65,0.003,0.002,2.0,0.007,233,0.2833,1.0906,0.2453,11703.84,17.04,28
65,0.003,0.0025,1.3,0.003,198,0.2525,1.0295,0.3838,10525.42,5.25,28
65,0.003,0.0025,1.3,0.005,198,0.2525,1.0026,0.3589,10042.47,0.42,25
65,0.003,0.0025,1.3,0.007,198,0.2828,1.0813,0.2534,11249.11,12.49,25
65,0.003,0.0025,1.5,0.003,198,0.2525,1.0295,0.3838,10525.42,5.25,28
65,0.003,0.0025,1.5,0.005,198,0.2525,1.0026,0.3589,10042.47,0.42,25
65,0.003,0.0025,1.5,0.007,198,0.2828,1.0813,0.2534,11249.11,12.49,25
65,0.003,0.0025,1.8,0.003,198,0.2525,1.0295,0.3838,10525.42,5.25,28
65,0.003,0.0025,1.8,0.005,198,0.2525,1.0026,0.3589,10042.47,0.42,25
65,0.003,0.0025,1.8,0.007,198,0.2828,1.0813,0.2534,11249.11,12.49,25
65,0.003,0.0025,2.0,0.003,198,0.2525,1.0295,0.3838,10525.42,5.25,28
65,0.003,0.0025,2.0,0.005,198,0.2525,1.0026,0.3589,10042.47,0.42,25
65,0.003,0.0025,2.0,0.007,198,0.2828,1.0813,0.2534,11249.11,12.49,25
65,0.003,0.003,1.3,0.003,177,0.2542,1.041,0.3834,10663.26,6.63,27
65,0.003,0.003,1.3,0.005,177,0.2599,1.0391,0.3585,10585.06,5.85,23
65,0.003,0.003,1.3,0.007,177,0.2938,1.13,0.2529,11846.47,18.46,23
65,0.003,0.003,1.5,0.003,177,0.2542,1.041,0.3834,10663.26,6.63,27
65,0.003,0.003,1.5,0.005,177,0.2599,1.0391,0.3585,10585.06,5.85,23
65,0.003,0.003,1.5,0.007,177,0.2938,1.13,0.2529,11846.47,18.46,23
65,0.003,0.003,1.8,0.003,177,0.2542,1.041,0.3834,10663.26,6.63,27
65,0.003,0.003,1.8,0.005,177,0.2599,1.0391,0.3585,10585.06,5.85,23
65,0.003,0.003,1.8,0.007,177,0.2938,1.13,0.2529,11846.47,18.46,23
65,0.003,0.003,2.0,0.003,177,0.2542,1.041,0.3834,10663.26,6.63,27
65,0.003,0.003,2.0,0.005,177,0.2599,1.0391,0.3585,10585.06,5.85,23
65,0.003,0.003,2.0,0.007,177,0.2938,1.13,0.2529,11846.47,18.46,23
65,0.004,0.0015,1.3,0.003,177,0.2712,1.1592,0.2083,12261.12,22.61,13
65,0.004,0.0015,1.3,0.005,177,0.2542,1.0255,0.2345,10342.57,3.43,25
65,0.004,0.0015,1.3,0.007,177,0.2938,1.1941,0.2222,12768.91,27.69,25
65,0.004,0.0015,1.5,0.003,177,0.2712,1.1592,0.2083,12261.12,22.61,13
65,0.004,0.0015,1.5,0.005,177,0.2542,1.0255,0.2345,10342.57,3.43,25
65,0.004,0.0015,1.5,0.007,177,0.2938,1.1941,0.2222,12768.91,27.69,25
65,0.004,0.0015,1.8,0.003,177,0.2712,1.1592,0.2083,12261.12,22.61,13
65,0.004,0.0015,1.8,0.005,177,0.2542,1.0255,0.2345,10342.57,3.43,25
65,0.004,0.0015,1.8,0.007,177,0.2938,1.1941,0.2222,12768.91,27.69,25
65,0.004,0.0015,2.0,0.003,177,0.2712,1.1592,0.2083,12261.12,22.61,13
65,0.004,0.0015,2.0,0.005,177,0.2542,1.0255,0.2345,10342.57,3.43,25
65,0.004,0.0015,2.0,0.007,177,0.2938,1.1941,0.2222,12768.91,27.69,25
65,0.004,0.002,1.3,0.003,150,0.2867,1.2624,0.149,13193.79,31.94,11
65,0.004,0.002,1.3,0.005,150,0.28,1.1657,0.2083,11969.19,19.69,22
65,0.004,0.002,1.3,0.007,150,0.3067,1.2456,0.1984,13005.4,30.05,22
65,0.004,0.002,1.5,0.003,150,0.2867,1.2624,0.149,13193.79,31.94,11
65,0.004,0.002,1.5,0.005,150,0.28,1.1657,0.2083,11969.19,19.69,22
65,0.004,0.002,1.5,0.007,150,0.3067,1.2456,0.1984,13005.4,30.05,22
65,0.004,0.002,1.8,0.003,150,0.2867,1.2624,0.149,13193.79,31.94,11
65,0.004,0.002,1.8,0.005,150,0.28,1.1657,0.2083,11969.19,19.69,22
65,0.004,0.002,1.8,0.007,150,0.3067,1.2456,0.1984,13005.4,30.05,22
65,0.004,0.002,2.0,0.003,150,0.2867,1.2624,0.149,13193.79,31.94,11
65,0.004,0.002,2.0,0.005,150,0.28,1.1657,0.2083,11969.19,19.69,22
65,0.004,0.002,2.0,0.007,150,0.3067,1.2456,0.1984,13005.4,30.05,22
65,0.004,0.0025,1.3,0.003,126,0.2937,1.287,0.167,12968.18,29.68,11
65,0.004,0.0025,1.3,0.005,126,0.2698,1.1181,0.2073,11142.11,11.42,21
65,0.004,0.0025,1.3,0.007,126,0.2857,1.1294,0.1908,11228.02,12.28,21
65,0.004,0.0025,1.5,0.003,126,0.2937,1.287,0.167,12968.18,29.68,11
65,0.004,0.0025,1.5,0.005,126,0.2698,1.1181,0.2073,11142.11,11.42,21
65,0.004,0.0025,1.5,0.007,126,0.2857,1.1294,0.1908,11228.02,12.28,21
65,0.004,0.0025,1.8,0.003,126,0.2937,1.287,0.167,12968.18,29.68,11
65,0.004,0.0025,1.8,0.005,126,0.2698,1.1181,0.2073,11142.11,11.42,21
65,0.004,0.0025,1.8,0.007,126,0.2857,1.1294,0.1908,11228.02,12.28,21
65,0.004,0.0025,2.0,0.003,126,0.2937,1.287,0.167,12968.18,29.68,11
65,0.004,0.0025,2.0,0.005,126,0.2698,1.1181,0.2073,11142.11,11.42,21
65,0.004,0.0025,2.0,0.007,126,0.2857,1.1294,0.1908,11228.02,12.28,21
65,0.004,0.003,1.3,0.003,117,0.3077,1.3785,0.1415,13644.58,36.45,10
65,0.004,0.003,1.3,0.005,117,0.2821,1.1911,0.1831,11723.27,17.23,20
65,0.004,0.003,1.3,0.007,117,0.2906,1.1566,0.1821,11354.87,13.55,20
65,0.004,0.003,1.5,0.003,117,0.3077,1.3785,0.1415,13644.58,36.45,10
65,0.004,0.003,1.5,0.005,117,0.2821,1.1911,0.1831,11723.27,17.23,20
65,0.004,0.003,1.5,0.007,117,0.2906,1.1566,0.1821,11354.87,13.55,20
65,0.004,0.003,1.8,0.003,117,0.3077,1.3785,0.1415,13644.58,36.45,10
65,0.004,0.003,1.8,0.005,117,0.2821,1.1911,0.1831,11723.27,17.23,20
65,0.004,0.003,1.8,0.007,117,0.2906,1.1566,0.1821,11354.87,13.55,20
65,0.004,0.003,2.0,0.003,117,0.3077,1.3785,0.1415,13644.58,36.45,10
65,0.004,0.003,2.0,0.005,117,0.2821,1.1911,0.1831,11723.27,17.23,20
65,0.004,0.003,2.0,0.007,117,0.2906,1.1566,0.1821,11354.87,13.55,20
65,0.005,0.0015,1.3,0.003,113,0.3097,1.4176,0.1506,13581.84,35.82,14
65,0.005,0.0015,1.3,0.005,113,0.2832,1.1885,0.2153,11579.62,15.8,19
65,0.005,0.0015,1.3,0.007,113,0.2832,1.1252,0.2148,11061.54,10.62,24
65,0.005,0.0015,1.5,0.003,113,0.3097,1.4176,0.1506,13581.84,35.82,14
65,0.005,0.0015,1.5,0.005,113,0.2832,1.1885,0.2153,11579.62,15.8,19
65,0.005,0.0015,1.5,0.007,113,0.2832,1.1252,0.2148,11061.54,10.62,24
65,0.005,0.0015,1.8,0.003,113,0.3097,1.4176,0.1506,13581.84,35.82,14
65,0.005,0.0015,1.8,0.005,113,0.2832,1.1885,0.2153,11579.62,15.8,19
65,0.005,0.0015,1.8,0.007,113,0.2832,1.1252,0.2148,11061.54,10.62,24
65,0.005,0.0015,2.0,0.003,113,0.3097,1.4176,0.1506,13581.84,35.82,14
65,0.005,0.0015,2.0,0.005,113,0.2832,1.1885,0.2153,11579.62,15.8,19
65,0.005,0.0015,2.0,0.007,113,0.2832,1.1252,0.2148,11061.54,10.62,24
65,0.005,0.002,1.3,0.003,100,0.3,1.3573,0.1581,12696.71,26.97,15
65,0.005,0.002,1.3,0.005,100,0.3,1.3295,0.1908,12424.19,24.24,16
65,0.005,0.002,1.3,0.007,100,0.29,1.1687,0.1908,11253.05,12.53,21
65,0.005,0.002,1.5,0.003,100,0.3,1.3573,0.1581,12696.71,26.97,15
65,0.005,0.002,1.5,0.005,100,0.3,1.3295,0.1908,12424.19,24.24,16
65,0.005,0.002,1.5,0.007,100,0.29,1.1687,0.1908,11253.05,12.53,21
65,0.005,0.002,1.8,0.003,100,0.3,1.3573,0.1581,12696.71,26.97,15
65,0.005,0.002,1.8,0.005,100,0.3,1.3295,0.1908,12424.19,24.24,16
65,0.005,0.002,1.8,0.007,100,0.29,1.1687,0.1908,11253.05,12.53,21
65,0.005,0.002,2.0,0.003,100,0.3,1.3573,0.1581,12696.71,26.97,15
65,0.005,0.002,2.0,0.005,100,0.3,1.3295,0.1908,12424.19,24.24,16
65,0.005,0.002,2.0,0.007,100,0.29,1.1687,0.1908,11253.05,12.53,21
65,0.005,0.0025,1.3,0.003,86,0.2907,1.2676,0.166,11742.33,17.42,14
65,0.005,0.0025,1.3,0.005,86,0.2907,1.2844,0.1984,11779.55,17.8,22
65,0.005,0.0025,1.3,0.007,86,0.2674,1.0389,0.1984,10242.97,2.43,22
65,0.005,0.0025,1.5,0.003,86,0.2907,1.2676,0.166,11742.33,17.42,14
65,0.005,0.0025,1.5,0.005,86,0.2907,1.2844,0.1984,11779.55,17.8,22
65,0.005,0.0025,1.5,0.007,86,0.2674,1.0389,0.1984,10242.97,2.43,22
65,0.005,0.0025,1.8,0.003,86,0.2907,1.2676,0.166,11742.33,17.42,14
65,0.005,0.0025,1.8,0.005,86,0.2907,1.2844,0.1984,11779.55,17.8,22
65,0.005,0.0025,1.8,0.007,86,0.2674,1.0389,0.1984,10242.97,2.43,22
65,0.005,0.0025,2.0,0.003,86,0.2907,1.2676,0.166,11742.33,17.42,14
65,0.005,0.0025,2.0,0.005,86,0.2907,1.2844,0.1984,11779.55,17.8,22
65,0.005,0.0025,2.0,0.007,86,0.2674,1.0389,0.1984,10242.97,2.43,22
65,0.005,0.003,1.3,0.003,75,0.3333,1.5409,0.123,13114.97,31.15,10
65,0.005,0.003,1.3,0.005,75,0.3333,1.5727,0.1571,13156.53,31.57,17
65,0.005,0.003,1.3,0.007,75,0.2933,1.1819,0.1571,10996.05,9.96,17
65,0.005,0.003,1.5,0.003,75,0.3333,1.5409,0.123,13114.97,31.15,10
65,0.005,0.003,1.5,0.005,75,0.3333,1.5727,0.1571,13156.53,31.57,17
65,0.005,0.003,1.5,0.007,75,0.2933,1.1819,0.1571,10996.05,9.96,17
65,0.005,0.003,1.8,0.003,75,0.3333,1.5409,0.123,13114.97,31.15,10
65,0.005,0.003,1.8,0.005,75,0.3333,1.5727,0.1571,13156.53,31.57,17
65,0.005,0.003,1.8,0.007,75,0.2933,1.1819,0.1571,10996.05,9.96,17
65,0.005,0.003,2.0,0.003,75,0.3333,1.5409,0.123,13114.97,31.15,10
65,0.005,0.003,2.0,0.005,75,0.3333,1.5727,0.1571,13156.53,31.57,17
65,0.005,0.003,2.0,0.007,75,0.2933,1.1819,0.1571,10996.05,9.96,17
70,0.002,0.0015,1.3,0.003,381,0.2362,0.932,0.4843,7879.24,-21.21,23
70,0.002,0.0015,1.3,0.005,381,0.2257,0.8605,0.5035,6287.89,-37.12,33
70,0.002,0.0015,1.3,0.007,381,0.2546,0.9224,0.3773,7963.95,-20.36,32
70,0.002,0.0015,1.5,0.003,381,0.2362,0.932,0.4843,7879.24,-21.21,23
70,0.002,0.0015,1.5,0.005,381,0.2257,0.8605,0.5035,6287.89,-37.12,33
70,0.002,0.0015,1.5,0.007,381,0.2546,0.9224,0.3773,7963.95,-20.36,32
70,0.002,0.0015,1.8,0.003,381,0.2362,0.932,0.4843,7879.24,-21.21,23
70,0.002,0.0015,1.8,0.005,381,0.2257,0.8605,0.5035,6287.89,-37.12,33
70,0.002,0.0015,1.8,0.007,381,0.2546,0.9224,0.3773,7963.95,-20.36,32
70,0.002,0.0015,2.0,0.003,381,0.2362,0.932,0.4843,7879.24,-21.21,23
70,0.002,0.0015,2.0,0.005,381,0.2257,0.8605,0.5035,6287.89,-37.12,33
70,0.002,0.0015,2.0,0.007,381,0.2546,0.9224,0.3773,7963.95,-20.36,32
70,0.002,0.002,1.3,0.003,308,0.2338,0.9201,0.4202,8121.89,-18.78,19
70,0.002,0.002,1.3,0.005,308,0.2273,0.8597,0.421,7029.54,-29.7,30
70,0.002,0.002,1.3,0.007,308,0.2435,0.8768,0.3863,7429.7,-25.7,30
70,0.002,0.002,1.5,0.003,308,0.2338,0.9201,0.4202,8121.89,-18.78,19
70,0.002,0.002,1.5,0.005,308,0.2273,0.8597,0.421,7029.54,-29.7,30
70,0.002,0.002,1.5,0.007,308,0.2435,0.8768,0.3863,7429.7,-25.7,30
70,0.002,0.002,1.8,0.003,308,0.2338,0.9201,0.4202,8121.89,-18.78,19
70,0.002,0.002,1.8,0.005,308,0.2273,0.8597,0.421,7029.54,-29.7,30
70,0.002,0.002,1.8,0.007,308,0.2435,0.8768,0.3863,7429.7,-25.7,30
70,0.002,0.002,2.0,0.003,308,0.2338,0.9201,0.4202,8121.89,-18.78,19
70,0.002,0.002,2.0,0.005,308,0.2273,0.8597,0.421,7029.54,-29.7,30
70,0.002,0.002,2.0,0.007,308,0.2435,0.8768,0.3863,7429.7,-25.7,30
70,0.002,0.0025,1.3,0.003,263,0.2357,0.9189,0.386,8414.33,-15.86,19
70,0.002,0.0025,1.3,0.005,263,0.2129,0.7942,0.3921,6470.85,-35.29,27
70,0.002,0.0025,1.3,0.007,263,0.2395,0.8583,0.3173,7528.55,-24.71,27
70,0.002,0.0025,1.5,0.003,263,0.2357,0.9189,0.386,8414.33,-15.86,19
70,0.002,0.0025,1.5,0.005,263,0.2129,0.7942,0.3921,6470.85,-35.29,27
70,0.002,0.0025,1.5,0.007,263,0.2395,0.8583,0.3173,7528.55,-24.71,27
70,0.002,0.0025,1.8,0.003,263,0.2357,0.9189,0.386,8414.33,-15.86,19
70,0.002,0.0025,1.8,0.005,263,0.2129,0.7942,0.3921,6470.85,-35.29,27
70,0.002,0.0025,1.8,0.007,263,0.2395,0.8583,0.3173,7528.55,-24.71,27
70,0.002,0.0025,2.0,0.003,263,0.2357,0.9189,0.386,8414.33,-15.86,19
70,0.002,0.0025,2.0,0.005,263,0.2129,0.7942,0.3921,6470.85,-35.29,27
70,0.002,0.0025,2.0,0.007,263,0.2395,0.8583,0.3173,7528.55,-24.71,27
70,0.002,0.003,1.3,0.003,237,0.2489,0.9792,0.3543,9609.92,-3.9,19
70,0.002,0.003,1.3,0.005,237,0.2194,0.832,0.3856,7214.16,-27.86,24
70,0.002,0.003,1.3,0.007,237,0.2321,0.8306,0.3248,7341.44,-26.59,26
70,0.002,0.003,1.5,0.003,237,0.2489,0.9792,0.3543,9609.92,-3.9,19
70,0.002,0.003,1.5,0.005,237,0.2194,0.832,0.3856,7214.16,-27.86,24
70,0.002,0.003,1.5,0.007,237,0.2321,0.8306,0.3248,7341.44,-26.59,26
70,0.002,0.003,1.8,0.003,237,0.2489,0.9792,0.3543,9609.92,-3.9,19
70,0.002,0.003,1.8,0.005,237,0.2194,0.832,0.3856,7214.16,-27.86,24
70,0.002,0.003,1.8,0.007,237,0.2321,0.8306,0.3248,7341.44,-26.59,26
70,0.002,0.003,2.0,0.003,237,0.2489,0.9792,0.3543,9609.92,-3.9,19
70,0.002,0.003,2.0,0.005,237,0.2194,0.832,0.3856,7214.16,-27.86,24
70,0.002,0.003,2.0,0.007,237,0.2321,0.8306,0.3248,7341.44,-26.59,26
70,0.003,0.0015,1.3,0.003,254,0.2362,0.9601,0.427,9096.29,-9.04,17
70,0.003,0.0015,1.3,0.005,254,0.2205,0.8504,0.4397,7139.37,-28.61,27
70,0.003,0.0015,1.3,0.007,254,0.2638,0.9856,0.2887,9722.85,-2.77,28
70,0.003,0.0015,1.5,0.003,254,0.2362,0.9601,0.427,9096.29,-9.04,17
70,0.003,0.0015,1.5,0.005,254,0.2205,0.8504,0.4397,7139.37,-28.61,27
70,0.003,0.0015,1.5,0.007,254,0.2638,0.9856,0.2887,9722.85,-2.77,28
70,0.003,0.0015,1.8,0.003,254,0.2362,0.9601,0.427,9096.29,-9.04,17
70,0.003,0.0015,1.8,0.005,254,0.2205,0.8504,0.4397,7139.37,-28.61,27
70,0.003,0.0015,1.8,0.007,254,0.2638,0.9856,0.2887,9722.85,-2.77,28
70,0.003,0.0015,2.0,0.003,254,0.2362,0.9601,0.427,9096.29,-9.04,17
70,0.003,0.0015,2.0,0.005,254,0.2205,0.8504,0.4397,7139.37,-28.61,27
70,0.003,0.0015,2.0,0.007,254,0.2638,0.9856,0.2887,9722.85,-2.77,28
70,0.003,0.002,1.3,0.003,213,0.2254,0.9174,0.3867,8538.8,-14.61,17
70,0.003,0.002,1.3,0.005,213,0.2254,0.86,0.3589,7801.78,-21.98,25
70,0.003,0.002,1.3,0.007,213,0.2629,0.9764,0.2604,9618.34,-3.82,25
70,0.003,0.002,1.5,0.003,213,0.2254,0.9174,0.3867,8538.8,-14.61,17
70,0.003,0.002,1.5,0.005,213,0.2254,0.86,0.3589,7801.78,-21.98,25
70,0.003,0.002,1.5,0.007,213,0.2629,0.9764,0.2604,9618.34,-3.82,25
70,0.003,0.002,1.8,0.003,213,0.2254,0.9174,0.3867,8538.8,-14.61,17
70,0.003,0.002,1.8,0.005,213,0.2254,0.86,0.3589,7801.78,-21.98,25
70,0.003,0.002,1.8,0.007,213,0.2629,0.9764,0.2604,9618.34,-3.82,25
70,0.003,0.002,2.0,0.003,213,0.2254,0.9174,0.3867,8538.8,-14.61,17
70,0.003,0.002,2.0,0.005,213,0.2254,0.86,0.3589,7801.78,-21.98,25
70,0.003,0.002,2.0,0.007,213,0.2629,0.9764,0.2604,9618.34,-3.82,25
70,0.003,0.0025,1.3,0.003,182,0.2363,0.9593,0.3772,9368.33,-6.32,27
70,0.003,0.0025,1.3,0.005,182,0.2253,0.8698,0.3649,8221.39,-17.79,25
70,0.003,0.0025,1.3,0.007,182,0.2637,0.99,0.2525,9864.13,-1.36,25
70,0.003,0.0025,1.5,0.003,182,0.2363,0.9593,0.3772,9368.33,-6.32,27
70,0.003,0.0025,1.5,0.005,182,0.2253,0.8698,0.3649,8221.39,-17.79,25
70,0.003,0.0025,1.5,0.007,182,0.2637,0.99,0.2525,9864.13,-1.36,25
70,0.003,0.0025,1.8,0.003,182,0.2363,0.9593,0.3772,9368.33,-6.32,27
70,0.003,0.0025,1.8,0.005,182,0.2253,0.8698,0.3649,8221.39,-17.79,25
70,0.003,0.0025,1.8,0.007,182,0.2637,0.99,0.2525,9864.13,-1.36,25
70,0.003,0.0025,2.0,0.003,182,0.2363,0.9593,0.3772,9368.33,-6.32,27
70,0.003,0.0025,2.0,0.005,182,0.2253,0.8698,0.3649,8221.39,-17.79,25
70,0.003,0.0025,2.0,0.007,182,0.2637,0.99,0.2525,9864.13,-1.36,25
70,0.003,0.003,1.3,0.003,161,0.2422,0.9844,0.3705,9779.94,-2.2,40
70,0.003,0.003,1.3,0.005,161,0.236,0.9269,0.3581,9068.76,-9.31,27
70,0.003,0.003,1.3,0.007,161,0.2671,1.009,0.2738,10110.91,1.11,23
70,0.003,0.003,1.5,0.003,161,0.2422,0.9844,0.3705,9779.94,-2.2,40
70,0.003,0.003,1.5,0.005,161,0.236,0.9269,0.3581,9068.76,-9.31,27
70,0.003,0.003,1.5,0.007,161,0.2671,1.009,0.2738,10110.91,1.11,23
70,0.003,0.003,1.8,0.003,161,0.2422,0.9844,0.3705,9779.94,-2.2,40
70,0.003,0.003,1.8,0.005,161,0.236,0.9269,0.3581,9068.76,-9.31,27
70,0.003,0.003,1.8,0.007,161,0.2671,1.009,0.2738,10110.91,1.11,23
70,0.003,0.003,2.0,0.003,161,0.2422,0.9844,0.3705,9779.94,-2.2,40
70,0.003,0.003,2.0,0.005,161,0.236,0.9269,0.3581,9068.76,-9.31,27
70,0.003,0.003,2.0,0.007,161,0.2671,1.009,0.2738,10110.91,1.11,23
70,0.004,0.0015,1.3,0.003,163,0.2638,1.1212,0.2003,11577.83,15.78,12
70,0.004,0.0015,1.3,0.005,163,0.2393,0.9344,0.234,9215.44,-7.85,24
70,0.004,0.0015,1.3,0.007,163,0.2761,1.0791,0.2143,10979.51,9.8,24
70,0.004,0.0015,1.5,0.003,163,0.2638,1.1212,0.2003,11577.83,15.78,12
70,0.004,0.0015,1.5,0.005,163,0.2393,0.9344,0.234,9215.44,-7.85,24
70,0.004,0.0015,1.5,0.007,163,0.2761,1.0791,0.2143,10979.51,9.8,24
70,0.004,0.0015,1.8,0.003,163,0.2638,1.1212,0.2003,11577.83,15.78,12
70,0.004,0.0015,1.8,0.005,163,0.2393,0.9344,0.234,9215.44,-7.85,24
70,0.004,0.0015,1.8,0.007,163,0.2761,1.0791,0.2143,10979.51,9.8,24
70,0.004,0.0015,2.0,0.003,163,0.2638,1.1212,0.2003,11577.83,15.78,12
70,0.004,0.0015,2.0,0.005,163,0.2393,0.9344,0.234,9215.44,-7.85,24
70,0.004,0.0015,2.0,0.007,163,0.2761,1.0791,0.2143,10979.51,9.8,24
70,0.004,0.002,1.3,0.003,140,0.2714,1.1766,0.1405,11967.61,19.68,11
70,0.004,0.002,1.3,0.005,140,0.2571,1.0232,0.2157,10244.56,2.45,21
70,0.004,0.002,1.3,0.007,140,0.2857,1.1108,0.1903,11176.23,11.76,21
70,0.004,0.002,1.5,0.003,140,0.2714,1.1766,0.1405,11967.61,19.68,11
70,0.004,0.002,1.5,0.005,140,0.2571,1.0232,0.2157,10244.56,2.45,21
70,0.004,0.002,1.5,0.007,140,0.2857,1.1108,0.1903,11176.23,11.76,21
70,0.004,0.002,1.8,0.003,140,0.2714,1.1766,0.1405,11967.61,19.68,11
70,0.004,0.002,1.8,0.005,140,0.2571,1.0232,0.2157,10244.56,2.45,21
70,0.004,0.002,1.8,0.007,140,0.2857,1.1108,0.1903,11176.23,11.76,21
70,0.004,0.002,2.0,0.003,140,0.2714,1.1766,0.1405,11967.61,19.68,11
70,0.004,0.002,2.0,0.005,140,0.2571,1.0232,0.2157,10244.56,2.45,21
70,0.004,0.002,2.0,0.007,140,0.2857,1.1108,0.1903,11176.23,11.76,21
70,0.004,0.0025,1.3,0.003,121,0.2893,1.2679,0.167,12597.92,25.98,11
70,0.004,0.0025,1.3,0.005,121,0.2645,1.069,0.1912,10626.25,6.26,21
70,0.004,0.0025,1.3,0.007,121,0.2893,1.1427,0.1908,11268.74,12.69,21
70,0.004,0.0025,1.5,0.003,121,0.2893,1.2679,0.167,12597.92,25.98,11
70,0.004,0.0025,1.5,0.005,121,0.2645,1.069,0.1912,10626.25,6.26,21
70,0.004,0.0025,1.5,0.007,121,0.2893,1.1427,0.1908,11268.74,12.69,21
70,0.004,0.0025,1.8,0.003,121,0.2893,1.2679,0.167,12597.92,25.98,11
70,0.004,0.0025,1.8,0.005,121,0.2645,1.069,0.1912,10626.25,6.26,21
70,0.004,0.0025,1.8,0.007,121,0.2893,1.1427,0.1908,11268.74,12.69,21
70,0.004,0.0025,2.0,0.003,121,0.2893,1.2679,0.167,12597.92,25.98,11
70,0.004,0.0025,2.0,0.005,121,0.2645,1.069,0.1912,10626.25,6.26,21
70,0.004,0.0025,2.0,0.007,121,0.2893,1.1427,0.1908,11268.74,12.69,21
70,0.004,0.003,1.3,0.003,112,0.2946,1.2936,0.1501,12618.26,26.18,10
70,0.004,0.003,1.3,0.005,112,0.2679,1.0961,0.1821,10809.54,8.1,20
70,0.004,0.003,1.3,0.007,112,0.2857,1.1347,0.1821,11092.14,10.92,20
70,0.004,0.003,1.5,0.003,112,0.2946,1.2936,0.1501,12618.26,26.18,10
70,0.004,0.003,1.5,0.005,112,0.2679,1.0961,0.1821,10809.54,8.1,20
70,0.004,0.003,1.5,0.007,112,0.2857,1.1347,0.1821,11092.14,10.92,20
70,0.004,0.003,1.8,0.003,112,0.2946,1.2936,0.1501,12618.26,26.18,10
70,0.004,0.003,1.8,0.005,112,0.2679,1.0961,0.1821,10809.54,8.1,20
70,0.004,0.003,1.8,0.007,112,0.2857,1.1347,0.1821,11092.14,10.92,20
70,0.004,0.003,2.0,0.003,112,0.2946,1.2936,0.1501,12618.26,26.18,10
70,0.004,0.003,2.0,0.005,112,0.2679,1.0961,0.1821,10809.54,8.1,20
70,0.004,0.003,2.0,0.007,112,0.2857,1.1347,0.1821,11092.14,10.92,20
70,0.005,0.0015,1.3,0.003,104,0.2981,1.3459,0.1665,12689.19,26.89,14
70,0.005,0.0015,1.3,0.005,104,0.2692,1.0826,0.23,10620.92,6.21,26
70,0.005,0.0015,1.3,0.007,104,0.2788,1.0786,0.1988,10598.11,5.98,22
70,0.005,0.0015,1.5,0.003,104,0.2981,1.3459,0.1665,12689.19,26.89,14
70,0.005,0.0015,1.5,0.005,104,0.2692,1.0826,0.23,10620.92,6.21,26
70,0.005,0.0015,1.5,0.007,104,0.2788,1.0786,0.1988,10598.11,5.98,22
70,0.005,0.0015,1.8,0.003,104,0.2981,1.3459,0.1665,12689.19,26.89,14
70,0.005,0.0015,1.8,0.005,104,0.2692,1.0826,0.23,10620.92,6.21,26
70,0.005,0.0015,1.8,0.007,104,0.2788,1.0786,0.1988,10598.11,5.98,22
70,0.005,0.0015,2.0,0.003,104,0.2981,1.3459,0.1665,12689.19,26.89,14
70,0.005,0.0015,2.0,0.005,104,0.2692,1.0826,0.23,10620.92,6.21,26
70,0.005,0.0015,2.0,0.007,104,0.2788,1.0786,0.1988,10598.11,5.98,22
70,0.005,0.002,1.3,0.003,92,0.2826,1.2555,0.1743,11743.6,17.44,15
70,0.005,0.002,1.3,0.005,92,0.2826,1.195,0.2064,11281.61,12.82,23
70,0.005,0.002,1.3,0.007,92,0.2826,1.1016,0.1743,10673.78,6.74,19
70,0.005,0.002,1.5,0.003,92,0.2826,1.2555,0.1743,11743.6,17.44,15
70,0.005,0.002,1.5,0.005,92,0.2826,1.195,0.2064,11281.61,12.82,23
70,0.005,0.002,1.5,0.007,92,0.2826,1.1016,0.1743,10673.78,6.74,19
70,0.005,0.002,1.8,0.003,92,0.2826,1.2555,0.1743,11743.6,17.44,15
70,0.005,0.002,1.8,0.005,92,0.2826,1.195,0.2064,11281.61,12.82,23
70,0.005,0.002,1.8,0.007,92,0.2826,1.1016,0.1743,10673.78,6.74,19
70,0.005,0.002,2.0,0.003,92,0.2826,1.2555,0.1743,11743.6,17.44,15
70,0.005,0.002,2.0,0.005,92,0.2826,1.195,0.2064,11281.61,12.82,23
70,0.005,0.002,2.0,0.007,92,0.2826,1.1016,0.1743,10673.78,6.74,19
70,0.005,0.0025,1.3,0.003,82,0.2805,1.211,0.166,11293.01,12.93,14
70,0.005,0.0025,1.3,0.005,82,0.2927,1.2719,0.1984,11571.2,15.71,22
70,0.005,0.0025,1.3,0.007,82,0.2805,1.0888,0.1984,10510.44,5.1,22
70,0.005,0.0025,1.5,0.003,82,0.2805,1.211,0.166,11293.01,12.93,14
70,0.005,0.0025,1.5,0.005,82,0.2927,1.2719,0.1984,11571.2,15.71,22
70,0.005,0.0025,1.5,0.007,82,0.2805,1.0888,0.1984,10510.44,5.1,22
70,0.005,0.0025,1.8,0.003,82,0.2805,1.211,0.166,11293.01,12.93,14
70,0.005,0.0025,1.8,0.005,82,0.2927,1.2719,0.1984,11571.2,15.71,22
70,0.005,0.0025,1.8,0.007,82,0.2805,1.0888,0.1984,10510.44,5.1,22
70,0.005,0.0025,2.0,0.003,82,0.2805,1.211,0.166,11293.01,12.93,14
70,0.005,0.0025,2.0,0.005,82,0.2927,1.2719,0.1984,11571.2,15.71,22
70,0.005,0.0025,2.0,0.007,82,0.2805,1.0888,0.1984,10510.44,5.1,22
70,0.005,0.003,1.3,0.003,71,0.3099,1.3731,0.123,12007.2,20.07,10
70,0.005,0.003,1.3,0.005,71,0.3239,1.4919,0.1571,12495.02,24.95,17
70,0.005,0.003,1.3,0.007,71,0.2958,1.1955,0.1571,10982.28,9.82,17
70,0.005,0.003,1.5,0.003,71,0.3099,1.3731,0.123,12007.2,20.07,10
70,0.005,0.003,1.5,0.005,71,0.3239,1.4919,0.1571,12495.02,24.95,17
70,0.005,0.003,1.5,0.007,71,0.2958,1.1955,0.1571,10982.28,9.82,17
70,0.005,0.003,1.8,0.003,71,0.3099,1.3731,0.123,12007.2,20.07,10
70,0.005,0.003,1.8,0.005,71,0.3239,1.4919,0.1571,12495.02,24.95,17
70,0.005,0.003,1.8,0.007,71,0.2958,1.1955,0.1571,10982.28,9.82,17
70,0.005,0.003,2.0,0.003,71,0.3099,1.3731,0.123,12007.2,20.07,10
70,0.005,0.003,2.0,0.005,71,0.3239,1.4919,0.1571,12495.02,24.95,17
70,0.005,0.003,2.0,0.007,71,0.2958,1.1955,0.1571,10982.28,9.82,17
75,0.002,0.0015,1.3,0.003,281,0.2669,1.0914,0.3809,12441.32,24.41,26
75,0.002,0.0015,1.3,0.005,281,0.2811,1.1307,0.3757,13444.42,34.44,21
75,0.002,0.0015,1.3,0.007,281,0.2776,1.0236,0.2898,10487.66,4.88,21
75,0.002,0.0015,1.5,0.003,281,0.2669,1.0914,0.3809,12441.32,24.41,26
75,0.002,0.0015,1.5,0.005,281,0.2811,1.1307,0.3757,13444.42,34.44,21
75,0.002,0.0015,1.5,0.007,281,0.2776,1.0236,0.2898,10487.66,4.88,21
75,0.002,0.0015,1.8,0.003,281,0.2669,1.0914,0.3809,12441.32,24.41,26
75,0.002,0.0015,1.8,0.005,281,0.2811,1.1307,0.3757,13444.42,34.44,21
75,0.002,0.0015,1.8,0.007,281,0.2776,1.0236,0.2898,10487.66,4.88,21
75,0.002,0.0015,2.0,0.003,281,0.2669,1.0914,0.3809,12441.32,24.41,26
75,0.002,0.0015,2.0,0.005,281,0.2811,1.1307,0.3757,13444.42,34.44,21
75,0.002,0.0015,2.0,0.007,281,0.2776,1.0236,0.2898,10487.66,4.88,21
75,0.002,0.002,1.3,0.003,216,0.2593,1.0763,0.2857,11374.15,13.74,15
75,0.002,0.002,1.3,0.005,216,0.2685,1.072,0.3203,11249.14,12.49,21
75,0.002,0.002,1.3,0.007,216,0.2639,0.9626,0.2595,9440.46,-5.6,20
75,0.002,0.002,1.5,0.003,216,0.2593,1.0763,0.2857,11374.15,13.74,15
75,0.002,0.002,1.5,0.005,216,0.2685,1.072,0.3203,11249.14,12.49,21
75,0.002,0.002,1.5,0.007,216,0.2639,0.9626,0.2595,9440.46,-5.6,20
75,0.002,0.002,1.8,0.003,216,0.2593,1.0763,0.2857,11374.15,13.74,15
75,0.002,0.002,1.8,0.005,216,0.2685,1.072,0.3203,11249.14,12.49,21
75,0.002,0.002,1.8,0.007,216,0.2639,0.9626,0.2595,9440.46,-5.6,20
75,0.002,0.002,2.0,0.003,216,0.2593,1.0763,0.2857,11374.15,13.74,15
75,0.002,0.002,2.0,0.005,216,0.2685,1.072,0.3203,11249.14,12.49,21
75,0.002,0.002,2.0,0.007,216,0.2639,0.9626,0.2595,9440.46,-5.6,20
75,0.002,0.0025,1.3,0.003,178,0.2584,1.069,0.2999,10983.16,9.83,15
75,0.002,0.0025,1.3,0.005,178,0.2584,1.032,0.2638,10433.13,4.33,22
75,0.002,0.0025,1.3,0.007,178,0.2528,0.9083,0.2366,8888.13,-11.12,22
75,0.002,0.0025,1.5,0.003,178,0.2584,1.069,0.2999,10983.16,9.83,15
75,0.002,0.0025,1.5,0.005,178,0.2584,1.032,0.2638,10433.13,4.33,22
75,0.002,0.0025,1.5,0.007,178,0.2528,0.9083,0.2366,8888.13,-11.12,22
75,0.002,0.0025,1.8,0.003,178,0.2584,1.069,0.2999,10983.16,9.83,15
75,0.002,0.0025,1.8,0.005,178,0.2584,1.032,0.2638,10433.13,4.33,22
75,0.002,0.0025,1.8,0.007,178,0.2528,0.9083,0.2366,8888.13,-11.12,22
75,0.002,0.0025,2.0,0.003,178,0.2584,1.069,0.2999,10983.16,9.83,15
75,0.002,0.0025,2.0,0.005,178,0.2584,1.032,0.2638,10433.13,4.33,22
75,0.002,0.0025,2.0,0.007,178,0.2528,0.9083,0.2366,8888.13,-11.12,22
75,0.002,0.003,1.3,0.003,160,0.2437,0.9904,0.3263,9878.73,-1.21,16
75,0.002,0.003,1.3,0.005,160,0.25,0.9931,0.292,9915.55,-0.84,19
75,0.002,0.003,1.3,0.007,160,0.2375,0.8677,0.2526,8538.22,-14.62,20
75,0.002,0.003,1.5,0.003,160,0.2437,0.9904,0.3263,9878.73,-1.21,16
75,0.002,0.003,1.5,0.005,160,0.25,0.9931,0.292,9915.55,-0.84,19
75,0.002,0.003,1.5,0.007,160,0.2375,0.8677,0.2526,8538.22,-14.62,20
75,0.002,0.003,1.8,0.003,160,0.2437,0.9904,0.3263,9878.73,-1.21,16
75,0.002,0.003,1.8,0.005,160,0.25,0.9931,0.292,9915.55,-0.84,19
75,0.002,0.003,1.8,0.007,160,0.2375,0.8677,0.2526,8538.22,-14.62,20
75,0.002,0.003,2.0,0.003,160,0.2437,0.9904,0.3263,9878.73,-1.21,16
75,0.002,0.003,2.0,0.005,160,0.25,0.9931,0.292,9915.55,-0.84,19
75,0.002,0.003,2.0,0.007,160,0.2375,0.8677,0.2526,8538.22,-14.62,20
75,0.003,0.0015,1.3,0.003,194,0.2423,0.996,0.333,9934.05,-0.66,14
75,0.003,0.0015,1.3,0.005,194,0.2474,0.9684,0.3412,9504.56,-4.95,21
75,0.003,0.0015,1.3,0.007,194,0.2629,0.9785,0.205,9693.81,-3.06,18
75,0.003,0.0015,1.5,0.003,194,0.2423,0.996,0.333,9934.05,-0.66,14
75,0.003,0.0015,1.5,0.005,194,0.2474,0.9684,0.3412,9504.56,-4.95,21
75,0.003,0.0015,1.5,0.007,194,0.2629,0.9785,0.205,9693.81,-3.06,18
75,0.003,0.0015,1.8,0.003,194,0.2423,0.996,0.333,9934.05,-0.66,14
75,0.003,0.0015,1.8,0.005,194,0.2474,0.9684,0.3412,9504.56,-4.95,21
75,0.003,0.0015,1.8,0.007,194,0.2629,0.9785,0.205,9693.81,-3.06,18
75,0.003,0.0015,2.0,0.003,194,0.2423,0.996,0.333,9934.05,-0.66,14
75,0.003,0.0015,2.0,0.005,194,0.2474,0.9684,0.3412,9504.56,-4.95,21
75,0.003,0.0015,2.0,0.007,194,0.2629,0.9785,0.205,9693.81,-3.06,18
75,0.003,0.002,1.3,0.003,154,0.2662,1.1297,0.2471,11708.64,17.09,11
75,0.003,0.002,1.3,0.005,154,0.2597,1.0235,0.2616,10282.55,2.83,17
75,0.003,0.002,1.3,0.007,154,0.2792,1.0606,0.1817,10710.82,7.11,16
75,0.003,0.002,1.5,0.003,154,0.2662,1.1297,0.2471,11708.64,17.09,11
75,0.003,0.002,1.5,0.005,154,0.2597,1.0235,0.2616,10282.55,2.83,17
75,0.003,0.002,1.5,0.007,154,0.2792,1.0606,0.1817,10710.82,7.11,16
75,0.003,0.002,1.8,0.003,154,0.2662,1.1297,0.2471,11708.64,17.09,11
75,0.003,0.002,1.8,0.005,154,0.2597,1.0235,0.2616,10282.55,2.83,17
75,0.003,0.002,1.8,0.007,154,0.2792,1.0606,0.1817,10710.82,7.11,16
75,0.003,0.002,2.0,0.003,154,0.2662,1.1297,0.2471,11708.64,17.09,11
75,0.003,0.002,2.0,0.005,154,0.2597,1.0235,0.2616,10282.55,2.83,17
75,0.003,0.002,2.0,0.007,154,0.2792,1.0606,0.1817,10710.82,7.11,16
75,0.003,0.0025,1.3,0.003,125,0.272,1.1518,0.2759,11631.55,16.32,19
75,0.003,0.0025,1.3,0.005,125,0.264,1.0618,0.239,10619.96,6.2,20
75,0.003,0.0025,1.3,0.007,125,0.28,1.0861,0.1821,10831.48,8.31,20
75,0.003,0.0025,1.5,0.003,125,0.272,1.1518,0.2759,11631.55,16.32,19
75,0.003,0.0025,1.5,0.005,125,0.264,1.0618,0.239,10619.96,6.2,20
75,0.003,0.0025,1.5,0.007,125,0.28,1.0861,0.1821,10831.48,8.31,20
75,0.003,0.0025,1.8,0.003,125,0.272,1.1518,0.2759,11631.55,16.32,19
75,0.003,0.0025,1.8,0.005,125,0.264,1.0618,0.239,10619.96,6.2,20
75,0.003,0.0025,1.8,0.007,125,0.28,1.0861,0.1821,10831.48,8.31,20
75,0.003,0.0025,2.0,0.003,125,0.272,1.1518,0.2759,11631.55,16.32,19
75,0.003,0.0025,2.0,0.005,125,0.264,1.0618,0.239,10619.96,6.2,20
75,0.003,0.0025,2.0,0.007,125,0.28,1.0861,0.1821,10831.48,8.31,20
75,0.003,0.003,1.3,0.003,112,0.2679,1.1264,0.2542,11204.52,12.05,18
75,0.003,0.003,1.3,0.005,112,0.2679,1.0888,0.2231,10809.54,8.1,17
75,0.003,0.003,1.3,0.007,112,0.2768,1.0749,0.1646,10658.67,6.59,17
75,0.003,0.003,1.5,0.003,112,0.2679,1.1264,0.2542,11204.52,12.05,18
75,0.003,0.003,1.5,0.005,112,0.2679,1.0888,0.2231,10809.54,8.1,17
75,0.003,0.003,1.5,0.007,112,0.2768,1.0749,0.1646,10658.67,6.59,17
75,0.003,0.003,1.8,0.003,112,0.2679,1.1264,0.2542,11204.52,12.05,18
75,0.003,0.003,1.8,0.005,112,0.2679,1.0888,0.2231,10809.54,8.1,17
75,0.003,0.003,1.8,0.007,112,0.2768,1.0749,0.1646,10658.67,6.59,17
75,0.003,0.003,2.0,0.003,112,0.2679,1.1264,0.2542,11204.52,12.05,18
75,0.003,0.003,2.0,0.005,112,0.2679,1.0888,0.2231,10809.54,8.1,17
75,0.003,0.003,2.0,0.007,112,0.2768,1.0749,0.1646,10658.67,6.59,17
75,0.004,0.0015,1.3,0.003,125,0.248,1.0557,0.1993,10545.46,5.45,21
75,0.004,0.0015,1.3,0.005,125,0.248,0.9823,0.2096,9834.73,-1.65,17
75,0.004,0.0015,1.3,0.007,125,0.256,0.967,0.1756,9703.54,-2.96,17
75,0.004,0.0015,1.5,0.003,125,0.248,1.0557,0.1993,10545.46,5.45,21
75,0.004,0.0015,1.5,0.005,125,0.248,0.9823,0.2096,9834.73,-1.65,17
75,0.004,0.0015,1.5,0.007,125,0.256,0.967,0.1756,9703.54,-2.96,17
75,0.004,0.0015,1.8,0.003,125,0.248,1.0557,0.1993,10545.46,5.45,21
75,0.004,0.0015,1.8,0.005,125,0.248,0.9823,0.2096,9834.73,-1.65,17
75,0.004,0.0015,1.8,0.007,125,0.256,0.967,0.1756,9703.54,-2.96,17
75,0.004,0.0015,2.0,0.003,125,0.248,1.0557,0.1993,10545.46,5.45,21
75,0.004,0.0015,2.0,0.005,125,0.248,0.9823,0.2096,9834.73,-1.65,17
75,0.004,0.0015,2.0,0.007,125,0.256,0.967,0.1756,9703.54,-2.96,17
75,0.004,0.002,1.3,0.003,99,0.2929,1.3277,0.124,12651.62,26.52,10
75,0.004,0.002,1.3,0.005,99,0.2727,1.1081,0.1826,10830.09,8.3,14
75,0.004,0.002,1.3,0.007,99,0.2929,1.1462,0.1318,11074.51,10.75,14
75,0.004,0.002,1.5,0.003,99,0.2929,1.3277,0.124,12651.62,26.52,10
75,0.004,0.002,1.5,0.005,99,0.2727,1.1081,0.1826,10830.09,8.3,14
75,0.004,0.002,1.5,0.007,99,0.2929,1.1462,0.1318,11074.51,10.75,14
75,0.004,0.002,1.8,0.003,99,0.2929,1.3277,0.124,12651.62,26.52,10
75,0.004,0.002,1.8,0.005,99,0.2727,1.1081,0.1826,10830.09,8.3,14
75,0.004,0.002,1.8,0.007,99,0.2929,1.1462,0.1318,11074.51,10.75,14
75,0.004,0.002,2.0,0.003,99,0.2929,1.3277,0.124,12651.62,26.52,10
75,0.004,0.002,2.0,0.005,99,0.2727,1.1081,0.1826,10830.09,8.3,14
75,0.004,0.002,2.0,0.007,99,0.2929,1.1462,0.1318,11074.51,10.75,14
75,0.004,0.0025,1.3,0.003,78,0.3077,1.416,0.149,12553.46,25.53,12
75,0.004,0.0025,1.3,0.005,78,0.2821,1.1727,0.1485,11016.57,10.17,16
75,0.004,0.0025,1.3,0.007,78,0.3077,1.2379,0.1485,11335.76,13.36,16
75,0.004,0.0025,1.5,0.003,78,0.3077,1.416,0.149,12553.46,25.53,12
75,0.004,0.0025,1.5,0.005,78,0.2821,1.1727,0.1485,11016.57,10.17,16
75,0.004,0.0025,1.5,0.007,78,0.3077,1.2379,0.1485,11335.76,13.36,16
75,0.004,0.0025,1.8,0.003,78,0.3077,1.416,0.149,12553.46,25.53,12
75,0.004,0.0025,1.8,0.005,78,0.2821,1.1727,0.1485,11016.57,10.17,16
75,0.004,0.0025,1.8,0.007,78,0.3077,1.2379,0.1485,11335.76,13.36,16
75,0.004,0.0025,2.0,0.003,78,0.3077,1.416,0.149,12553.46,25.53,12
75,0.004,0.0025,2.0,0.005,78,0.2821,1.1727,0.1485,11016.57,10.17,16
75,0.004,0.0025,2.0,0.007,78,0.3077,1.2379,0.1485,11335.76,13.36,16
75,0.004,0.003,1.3,0.003,70,0.3,1.3574,0.1496,11964.56,19.65,11
75,0.004,0.003,1.3,0.005,70,0.2714,1.1247,0.1318,10663.67,6.64,14
75,0.004,0.003,1.3,0.007,70,0.2857,1.1227,0.1313,10617.54,6.18,14
75,0.004,0.003,1.5,0.003,70,0.3,1.3574,0.1496,11964.56,19.65,11
75,0.004,0.003,1.5,0.005,70,0.2714,1.1247,0.1318,10663.67,6.64,14
75,0.004,0.003,1.5,0.007,70,0.2857,1.1227,0.1313,10617.54,6.18,14
75,0.004,0.003,1.8,0.003,70,0.3,1.3574,0.1496,11964.56,19.65,11
75,0.004,0.003,1.8,0.005,70,0.2714,1.1247,0.1318,10663.67,6.64,14
75,0.004,0.003,1.8,0.007,70,0.2857,1.1227,0.1313,10617.54,6.18,14
75,0.004,0.003,2.0,0.003,70,0.3,1.3574,0.1496,11964.56,19.65,11
75,0.004,0.003,2.0,0.005,70,0.2714,1.1247,0.1318,10663.67,6.64,14
75,0.004,0.003,2.0,0.007,70,0.2857,1.1227,0.1313,10617.54,6.18,14
75,0.005,0.0015,1.3,0.003,75,0.3067,1.4243,0.123,12370.78,23.71,11
75,0.005,0.0015,1.3,0.005,75,0.28,1.139,0.1571,10772.77,7.73,17
75,0.005,0.0015,1.3,0.007,75,0.24,0.8645,0.1571,9261.83,-7.38,17
75,0.005,0.0015,1.5,0.003,75,0.3067,1.4243,0.123,12370.78,23.71,11
75,0.005,0.0015,1.5,0.005,75,0.28,1.139,0.1571,10772.77,7.73,17
75,0.005,0.0015,1.5,0.007,75,0.24,0.8645,0.1571,9261.83,-7.38,17
75,0.005,0.0015,1.8,0.003,75,0.3067,1.4243,0.123,12370.78,23.71,11
75,0.005,0.0015,1.8,0.005,75,0.28,1.139,0.1571,10772.77,7.73,17
75,0.005,0.0015,1.8,0.007,75,0.24,0.8645,0.1571,9261.83,-7.38,17
75,0.005,0.0015,2.0,0.003,75,0.3067,1.4243,0.123,12370.78,23.71,11
75,0.005,0.0015,2.0,0.005,75,0.28,1.139,0.1571,10772.77,7.73,17
75,0.005,0.0015,2.0,0.007,75,0.24,0.8645,0.1571,9261.83,-7.38,17
75,0.005,0.002,1.3,0.003,64,0.3125,1.4749,0.1052,12268.85,22.69,9
75,0.005,0.002,1.3,0.005,64,0.2969,1.2868,0.1399,11328.47,13.28,15
75,0.005,0.002,1.3,0.007,64,0.25,0.9142,0.1399,9607.79,-3.92,15
75,0.005,0.002,1.5,0.003,64,0.3125,1.4749,0.1052,12268.85,22.69,9
75,0.005,0.002,1.5,0.005,64,0.2969,1.2868,0.1399,11328.47,13.28,15
75,0.005,0.002,1.5,0.007,64,0.25,0.9142,0.1399,9607.79,-3.92,15
75,0.005,0.002,1.8,0.003,64,0.3125,1.4749,0.1052,12268.85,22.69,9
75,0.005,0.002,1.8,0.005,64,0.2969,1.2868,0.1399,11328.47,13.28,15
75,0.005,0.002,1.8,0.007,64,0.25,0.9142,0.1399,9607.79,-3.92,15
75,0.005,0.002,2.0,0.003,64,0.3125,1.4749,0.1052,12268.85,22.69,9
75,0.005,0.002,2.0,0.005,64,0.2969,1.2868,0.1399,11328.47,13.28,15
75,0.005,0.002,2.0,0.007,64,0.25,0.9142,0.1399,9607.79,-3.92,15
75,0.005,0.0025,1.3,0.003,53,0.3208,1.4911,0.1136,11917.27,19.17,12
75,0.005,0.0025,1.3,0.005,53,0.3208,1.47,0.1313,11736.63,17.37,14
75,0.005,0.0025,1.3,0.007,53,0.283,1.0923,0.1313,10344.16,3.44,14
75,0.005,0.0025,1.5,0.003,53,0.3208,1.4911,0.1136,11917.27,19.17,12
75,0.005,0.0025,1.5,0.005,53,0.3208,1.47,0.1313,11736.63,17.37,14
75,0.005,0.0025,1.5,0.007,53,0.283,1.0923,0.1313,10344.16,3.44,14
75,0.005,0.0025,1.8,0.003,53,0.3208,1.4911,0.1136,11917.27,19.17,12
75,0.005,0.0025,1.8,0.005,53,0.3208,1.47,0.1313,11736.63,17.37,14
75,0.005,0.0025,1.8,0.007,53,0.283,1.0923,0.1313,10344.16,3.44,14
75,0.005,0.0025,2.0,0.003,53,0.3208,1.4911,0.1136,11917.27,19.17,12
75,0.005,0.0025,2.0,0.005,53,0.3208,1.47,0.1313,11736.63,17.37,14
75,0.005,0.0025,2.0,0.007,53,0.283,1.0923,0.1313,10344.16,3.44,14
80,0.002,0.0015,1.3,0.003,234,0.2607,1.0745,0.3698,11570.78,15.71,24
80,0.002,0.0015,1.3,0.005,234,0.2564,1.0102,0.3668,10190.12,1.9,19
80,0.002,0.0015,1.3,0.007,234,0.2692,0.9753,0.2929,9583.94,-4.16,19
80,0.002,0.0015,1.5,0.003,234,0.2607,1.0745,0.3698,11570.78,15.71,24
80,0.002,0.0015,1.5,0.005,234,0.2564,1.0102,0.3668,10190.12,1.9,19
80,0.002,0.0015,1.5,0.007,234,0.2692,0.9753,0.2929,9583.94,-4.16,19
80,0.002,0.0015,1.8,0.003,234,0.2607,1.0745,0.3698,11570.78,15.71,24
80,0.002,0.0015,1.8,0.005,234,0.2564,1.0102,0.3668,10190.12,1.9,19
80,0.002,0.0015,1.8,0.007,234,0.2692,0.9753,0.2929,9583.94,-4.16,19
80,0.002,0.0015,2.0,0.003,234,0.2607,1.0745,0.3698,11570.78,15.71,24
80,0.002,0.0015,2.0,0.005,234,0.2564,1.0102,0.3668,10190.12,1.9,19
80,0.002,0.0015,2.0,0.007,234,0.2692,0.9753,0.2929,9583.94,-4.16,19
80,0.002,0.002,1.3,0.003,194,0.2732,1.1511,0.2852,12599.07,25.99,14
80,0.002,0.002,1.3,0.005,194,0.2732,1.0992,0.2924,11544.03,15.44,18
80,0.002,0.002,1.3,0.007,194,0.2784,1.0326,0.2291,10459.37,4.59,18
80,0.002,0.002,1.5,0.003,194,0.2732,1.1511,0.2852,12599.07,25.99,14
80,0.002,0.002,1.5,0.005,194,0.2732,1.0992,0.2924,11544.03,15.44,18
80,0.002,0.002,1.5,0.007,194,0.2784,1.0326,0.2291,10459.37,4.59,18
80,0.002,0.002,1.8,0.003,194,0.2732,1.1511,0.2852,12599.07,25.99,14
80,0.002,0.002,1.8,0.005,194,0.2732,1.0992,0.2924,11544.03,15.44,18
80,0.002,0.002,1.8,0.007,194,0.2784,1.0326,0.2291,10459.37,4.59,18
80,0.002,0.002,2.0,0.003,194,0.2732,1.1511,0.2852,12599.07,25.99,14
80,0.002,0.002,2.0,0.005,194,0.2732,1.0992,0.2924,11544.03,15.44,18
80,0.002,0.002,2.0,0.007,194,0.2784,1.0326,0.2291,10459.37,4.59,18
80,0.002,0.0025,1.3,0.003,165,0.2788,1.1904,0.2995,12779.2,27.79,16
80,0.002,0.0025,1.3,0.005,165,0.2667,1.0755,0.2488,10970.13,9.7,20
80,0.002,0.0025,1.3,0.007,165,0.2727,1.0086,0.1901,10101.48,1.01,20
80,0.002,0.0025,1.5,0.003,165,0.2788,1.1904,0.2995,12779.2,27.79,16
80,0.002,0.0025,1.5,0.005,165,0.2667,1.0755,0.2488,10970.13,9.7,20
80,0.002,0.0025,1.5,0.007,165,0.2727,1.0086,0.1901,10101.48,1.01,20
80,0.002,0.0025,1.8,0.003,165,0.2788,1.1904,0.2995,12779.2,27.79,16
80,0.002,0.0025,1.8,0.005,165,0.2667,1.0755,0.2488,10970.13,9.7,20
80,0.002,0.0025,1.8,0.007,165,0.2727,1.0086,0.1901,10101.48,1.01,20
80,0.002,0.0025,2.0,0.003,165,0.2788,1.1904,0.2995,12779.2,27.79,16
80,0.002,0.0025,2.0,0.005,165,0.2667,1.0755,0.2488,10970.13,9.7,20
80,0.002,0.0025,2.0,0.007,165,0.2727,1.0086,0.1901,10101.48,1.01,20
80,0.002,0.003,1.3,0.003,152,0.2566,1.0726,0.3263,10930.83,9.31,17
80,0.002,0.003,1.3,0.005,152,0.2434,0.9588,0.2776,9529.89,-4.7,18
80,0.002,0.003,1.3,0.007,152,0.2434,0.8946,0.2468,8869.84,-11.3,19
80,0.002,0.003,1.5,0.003,152,0.2566,1.0726,0.3263,10930.83,9.31,17
80,0.002,0.003,1.5,0.005,152,0.2434,0.9588,0.2776,9529.89,-4.7,18
80,0.002,0.003,1.5,0.007,152,0.2434,0.8946,0.2468,8869.84,-11.3,19
80,0.002,0.003,1.8,0.003,152,0.2566,1.0726,0.3263,10930.83,9.31,17
80,0.002,0.003,1.8,0.005,152,0.2434,0.9588,0.2776,9529.89,-4.7,18
80,0.002,0.003,1.8,0.007,152,0.2434,0.8946,0.2468,8869.84,-11.3,19
80,0.002,0.003,2.0,0.003,152,0.2566,1.0726,0.3263,10930.83,9.31,17
80,0.002,0.003,2.0,0.005,152,0.2434,0.9588,0.2776,9529.89,-4.7,18
80,0.002,0.003,2.0,0.007,152,0.2434,0.8946,0.2468,8869.84,-11.3,19
80,0.003,0.0015,1.3,0.003,160,0.2313,0.9561,0.3275,9408.26,-5.92,20
80,0.003,0.0015,1.3,0.005,160,0.2437,0.9463,0.284,9331.09,-6.69,18
80,0.003,0.0015,1.3,0.007,160,0.275,1.0391,0.2013,10484.49,4.84,14
80,0.003,0.0015,1.5,0.003,160,0.2313,0.9561,0.3275,9408.26,-5.92,20
80,0.003,0.0015,1.5,0.005,160,0.2437,0.9463,0.284,9331.09,-6.69,18
80,0.003,0.0015,1.5,0.007,160,0.275,1.0391,0.2013,10484.49,4.84,14
80,0.003,0.0015,1.8,0.003,160,0.2313,0.9561,0.3275,9408.26,-5.92,20
80,0.003,0.0015,1.8,0.005,160,0.2437,0.9463,0.284,9331.09,-6.69,18
80,0.003,0.0015,1.8,0.007,160,0.275,1.0391,0.2013,10484.49,4.84,14
80,0.003,0.0015,2.0,0.003,160,0.2313,0.9561,0.3275,9408.26,-5.92,20
80,0.003,0.0015,2.0,0.005,160,0.2437,0.9463,0.284,9331.09,-6.69,18
80,0.003,0.0015,2.0,0.007,160,0.275,1.0391,0.2013,10484.49,4.84,14
80,0.003,0.002,1.3,0.003,130,0.2923,1.2622,0.2686,13232.92,32.33,18
80,0.003,0.002,1.3,0.005,130,0.2923,1.1959,0.2313,12124.8,21.25,15
80,0.003,0.002,1.3,0.007,130,0.3154,1.2553,0.1482,12685.33,26.85,13
80,0.003,0.002,1.5,0.003,130,0.2923,1.2622,0.2686,13232.92,32.33,18
80,0.003,0.002,1.5,0.005,130,0.2923,1.1959,0.2313,12124.8,21.25,15
80,0.003,0.002,1.5,0.007,130,0.3154,1.2553,0.1482,12685.33,26.85,13
80,0.003,0.002,1.8,0.003,130,0.2923,1.2622,0.2686,13232.92,32.33,18
80,0.003,0.002,1.8,0.005,130,0.2923,1.1959,0.2313,12124.8,21.25,15
80,0.003,0.002,1.8,0.007,130,0.3154,1.2553,0.1482,12685.33,26.85,13
80,0.003,0.002,2.0,0.003,130,0.2923,1.2622,0.2686,13232.92,32.33,18
80,0.003,0.002,2.0,0.005,130,0.2923,1.1959,0.2313,12124.8,21.25,15
80,0.003,0.002,2.0,0.007,130,0.3154,1.2553,0.1482,12685.33,26.85,13
80,0.003,0.0025,1.3,0.003,112,0.2946,1.2889,0.2759,13008.04,30.08,18
80,0.003,0.0025,1.3,0.005,112,0.2857,1.1714,0.2236,11617.75,16.18,17
80,0.003,0.0025,1.3,0.007,112,0.3036,1.202,0.1571,11821.66,18.22,17
80,0.003,0.0025,1.5,0.003,112,0.2946,1.2889,0.2759,13008.04,30.08,18
80,0.003,0.0025,1.5,0.005,112,0.2857,1.1714,0.2236,11617.75,16.18,17
80,0.003,0.0025,1.5,0.007,112,0.3036,1.202,0.1571,11821.66,18.22,17
80,0.003,0.0025,1.8,0.003,112,0.2946,1.2889,0.2759,13008.04,30.08,18
80,0.003,0.0025,1.8,0.005,112,0.2857,1.1714,0.2236,11617.75,16.18,17
80,0.003,0.0025,1.8,0.007,112,0.3036,1.202,0.1571,11821.66,18.22,17
80,0.003,0.0025,2.0,0.003,112,0.2946,1.2889,0.2759,13008.04,30.08,18
80,0.003,0.0025,2.0,0.005,112,0.2857,1.1714,0.2236,11617.75,16.18,17
80,0.003,0.0025,2.0,0.007,112,0.3036,1.202,0.1571,11821.66,18.22,17
80,0.003,0.003,1.3,0.003,103,0.2816,1.2207,0.2612,12036.72,20.37,17
80,0.003,0.003,1.3,0.005,103,0.2718,1.1086,0.2078,10918.05,9.18,15
80,0.003,0.003,1.3,0.007,103,0.2913,1.143,0.1577,11184.49,11.84,15
80,0.003,0.003,1.5,0.003,103,0.2816,1.2207,0.2612,12036.72,20.37,17
80,0.003,0.003,1.5,0.005,103,0.2718,1.1086,0.2078,10918.05,9.18,15
80,0.003,0.003,1.5,0.007,103,0.2913,1.143,0.1577,11184.49,11.84,15
80,0.003,0.003,1.8,0.003,103,0.2816,1.2207,0.2612,12036.72,20.37,17
80,0.003,0.003,1.8,0.005,103,0.2718,1.1086,0.2078,10918.05,9.18,15
80,0.003,0.003,1.8,0.007,103,0.2913,1.143,0.1577,11184.49,11.84,15
80,0.003,0.003,2.0,0.003,103,0.2816,1.2207,0.2612,12036.72,20.37,17
80,0.003,0.003,2.0,0.005,103,0.2718,1.1086,0.2078,10918.05,9.18,15
80,0.003,0.003,2.0,0.007,103,0.2913,1.143,0.1577,11184.49,11.84,15
80,0.004,0.0015,1.3,0.003,101,0.2574,1.1228,0.2003,11010.59,10.11,15
80,0.004,0.0015,1.3,0.005,101,0.2673,1.0829,0.1348,10613.36,6.13,13
80,0.004,0.0015,1.3,0.007,101,0.2871,1.1059,0.1318,10777.41,7.77,13
80,0.004,0.0015,1.5,0.003,101,0.2574,1.1228,0.2003,11010.59,10.11,15
80,0.004,0.0015,1.5,0.005,101,0.2673,1.0829,0.1348,10613.36,6.13,13
80,0.004,0.0015,1.5,0.007,101,0.2871,1.1059,0.1318,10777.41,7.77,13
80,0.004,0.0015,1.8,0.003,101,0.2574,1.1228,0.2003,11010.59,10.11,15
80,0.004,0.0015,1.8,0.005,101,0.2673,1.0829,0.1348,10613.36,6.13,13
80,0.004,0.0015,1.8,0.007,101,0.2871,1.1059,0.1318,10777.41,7.77,13
80,0.004,0.0015,2.0,0.003,101,0.2574,1.1228,0.2003,11010.59,10.11,15
80,0.004,0.0015,2.0,0.005,101,0.2673,1.0829,0.1348,10613.36,6.13,13
80,0.004,0.0015,2.0,0.007,101,0.2871,1.1059,0.1318,10777.41,7.77,13
80,0.004,0.002,1.3,0.003,82,0.3171,1.4722,0.167,13327.29,33.27,13
80,0.004,0.002,1.3,0.005,82,0.2927,1.2268,0.1405,11440.63,14.41,10
80,0.004,0.002,1.3,0.007,82,0.3293,1.3511,0.0962,12139.9,21.4,10
80,0.004,0.002,1.5,0.003,82,0.3171,1.4722,0.167,13327.29,33.27,13
80,0.004,0.002,1.5,0.005,82,0.2927,1.2268,0.1405,11440.63,14.41,10
80,0.004,0.002,1.5,0.007,82,0.3293,1.3511,0.0962,12139.9,21.4,10
80,0.004,0.002,1.8,0.003,82,0.3171,1.4722,0.167,13327.29,33.27,13
80,0.004,0.002,1.8,0.005,82,0.2927,1.2268,0.1405,11440.63,14.41,10
80,0.004,0.002,1.8,0.007,82,0.3293,1.3511,0.0962,12139.9,21.4,10
80,0.004,0.002,2.0,0.003,82,0.3171,1.4722,0.167,13327.29,33.27,13
80,0.004,0.002,2.0,0.005,82,0.2927,1.2268,0.1405,11440.63,14.41,10
80,0.004,0.002,2.0,0.007,82,0.3293,1.3511,0.0962,12139.9,21.4,10
80,0.004,0.0025,1.3,0.003,68,0.3382,1.6443,0.1496,13622.07,36.22,13
80,0.004,0.0025,1.3,0.005,68,0.2941,1.2377,0.1318,11239.56,12.4,12
80,0.004,0.0025,1.3,0.007,68,0.3235,1.3141,0.1136,11548.53,15.49,12
80,0.004,0.0025,1.5,0.003,68,0.3382,1.6443,0.1496,13622.07,36.22,13
80,0.004,0.0025,1.5,0.005,68,0.2941,1.2377,0.1318,11239.56,12.4,12
80,0.004,0.0025,1.5,0.007,68,0.3235,1.3141,0.1136,11548.53,15.49,12
80,0.004,0.0025,1.8,0.003,68,0.3382,1.6443,0.1496,13622.07,36.22,13
80,0.004,0.0025,1.8,0.005,68,0.2941,1.2377,0.1318,11239.56,12.4,12
80,0.004,0.0025,1.8,0.007,68,0.3235,1.3141,0.1136,11548.53,15.49,12
80,0.004,0.0025,2.0,0.003,68,0.3382,1.6443,0.1496,13622.07,36.22,13
80,0.004,0.0025,2.0,0.005,68,0.2941,1.2377,0.1318,11239.56,12.4,12
80,0.004,0.0025,2.0,0.007,68,0.3235,1.3141,0.1136,11548.53,15.49,12
80,0.004,0.003,1.3,0.003,62,0.3226,1.5386,0.166,12724.69,27.25,15
80,0.004,0.003,1.3,0.005,62,0.2742,1.1394,0.1323,10663.01,6.63,11
80,0.004,0.003,1.3,0.007,62,0.3065,1.2287,0.1047,11029.92,10.3,11
80,0.004,0.003,1.5,0.003,62,0.3226,1.5386,0.166,12724.69,27.25,15
80,0.004,0.003,1.5,0.005,62,0.2742,1.1394,0.1323,10663.01,6.63,11
80,0.004,0.003,1.5,0.007,62,0.3065,1.2287,0.1047,11029.92,10.3,11
80,0.004,0.003,1.8,0.003,62,0.3226,1.5386,0.166,12724.69,27.25,15
80,0.004,0.003,1.8,0.005,62,0.2742,1.1394,0.1323,10663.01,6.63,11
80,0.004,0.003,1.8,0.007,62,0.3065,1.2287,0.1047,11029.92,10.3,11
80,0.004,0.003,2.0,0.003,62,0.3226,1.5386,0.166,12724.69,27.25,15
80,0.004,0.003,2.0,0.005,62,0.2742,1.1394,0.1323,10663.01,6.63,11
80,0.004,0.003,2.0,0.007,62,0.3065,1.2287,0.1047,11029.92,10.3,11
80,0.005,0.0015,1.3,0.003,54,0.3148,1.5774,0.1147,12468.63,24.69,12
80,0.005,0.0015,1.3,0.005,54,0.3148,1.3468,0.1047,11331.21,13.31,11
80,0.005,0.0015,1.3,0.007,54,0.2778,1.0365,0.1047,10141.19,1.41,11
80,0.005,0.0015,1.5,0.003,54,0.3148,1.5774,0.1147,12468.63,24.69,12
80,0.005,0.0015,1.5,0.005,54,0.3148,1.3468,0.1047,11331.21,13.31,11
80,0.005,0.0015,1.5,0.007,54,0.2778,1.0365,0.1047,10141.19,1.41,11
80,0.005,0.0015,1.8,0.003,54,0.3148,1.5774,0.1147,12468.63,24.69,12
80,0.005,0.0015,1.8,0.005,54,0.3148,1.3468,0.1047,11331.21,13.31,11
80,0.005,0.0015,1.8,0.007,54,0.2778,1.0365,0.1047,10141.19,1.41,11
80,0.005,0.0015,2.0,0.003,54,0.3148,1.5774,0.1147,12468.63,24.69,12
80,0.005,0.0015,2.0,0.005,54,0.3148,1.3468,0.1047,11331.21,13.31,11
80,0.005,0.0015,2.0,0.007,54,0.2778,1.0365,0.1047,10141.19,1.41,11
80,0.005,0.002,1.3,0.003,51,0.3333,1.7216,0.1047,12850.3,28.5,11
80,0.005,0.002,1.3,0.005,51,0.3333,1.4727,0.1047,11678.06,16.78,11
80,0.005,0.002,1.3,0.007,51,0.2941,1.1255,0.1047,10451.61,4.52,11
80,0.005,0.002,1.5,0.003,51,0.3333,1.7216,0.1047,12850.3,28.5,11
80,0.005,0.002,1.5,0.005,51,0.3333,1.4727,0.1047,11678.06,16.78,11
80,0.005,0.002,1.5,0.007,51,0.2941,1.1255,0.1047,10451.61,4.52,11
80,0.005,0.002,1.8,0.003,51,0.3333,1.7216,0.1047,12850.3,28.5,11
80,0.005,0.002,1.8,0.005,51,0.3333,1.4727,0.1047,11678.06,16.78,11
80,0.005,0.002,1.8,0.007,51,0.2941,1.1255,0.1047,10451.61,4.52,11
80,0.005,0.002,2.0,0.003,51,0.3333,1.7216,0.1047,12850.3,28.5,11
80,0.005,0.002,2.0,0.005,51,0.3333,1.4727,0.1047,11678.06,16.78,11
80,0.005,0.002,2.0,0.007,51,0.2941,1.1255,0.1047,10451.61,4.52,11
